game_id,event_num,season,game_date,home_team,away_team,period,pctimestring,seconds_remaining_period,seconds_remaining_game,home_score,away_score,score_margin_home,abs_score_margin,event_type_label,home_win_probability,away_win_probability,predicted_winner,predicted_label,actual_home_team_won,prediction_correct
0022400001,2,2024-25,2024-11-12,Boston Celtics,Atlanta Hawks,1,PT12M00.00S,720.0,2880.0,0.0,0.0,0.0,0.0,start_period,0.5458563942740431,0.4541436057259569,Boston Celtics,1,0,0.0
0022400001,4,2024-25,2024-11-12,Boston Celtics,Atlanta Hawks,1,PT12M00.00S,720.0,2880.0,0.0,0.0,0.0,0.0,jump_ball,0.5503008207718717,0.4496991792281283,Boston Celtics,1,0,0.0
0022400001,7,2024-25,2024-11-12,Boston Celtics,Atlanta Hawks,1,PT11M43.00S,703.0,2863.0,0.0,0.0,0.0,0.0,unknown,0.5438136989948028,0.4561863010051972,Boston Celtics,1,0,0.0
0022400001,9,2024-25,2024-11-12,Boston Celtics,Atlanta Hawks,1,PT11M42.00S,702.0,2862.0,0.0,0.0,0.0,0.0,rebound,0.5414148070884256,0.4585851929115744,Boston Celtics,1,0,0.0
0022400001,10,2024-25,2024-11-12,Boston Celtics,Atlanta Hawks,1,PT11M38.00S,698.0,2858.0,0.0,0.0,0.0,0.0,missed_shot,0.5452995415875691,0.4547004584124309,Boston Celtics,1,0,0.0
0022400001,11,2024-25,2024-11-12,Boston Celtics,Atlanta Hawks,1,PT11M37.00S,697.0,2857.0,0.0,0.0,0.0,0.0,rebound,0.5415064334528936,0.4584935665471064,Boston Celtics,1,0,0.0
0022400001,12,2024-25,2024-11-12,Boston Celtics,Atlanta Hawks,1,PT11M24.00S,684.0,2844.0,0.0,0.0,0.0,0.0,missed_shot,0.5394576459091229,0.460542354090877,Boston Celtics,1,0,0.0
0022400001,13,2024-25,2024-11-12,Boston Celtics,Atlanta Hawks,1,PT11M22.00S,682.0,2842.0,0.0,0.0,0.0,0.0,rebound,0.5417812956801014,0.4582187043198986,Boston Celtics,1,0,0.0
0022400001,14,2024-25,2024-11-12,Boston Celtics,Atlanta Hawks,1,PT11M17.00S,677.0,2837.0,0.0,0.0,0.0,0.0,turnover,0.5643545932560632,0.4356454067439368,Boston Celtics,1,0,0.0
0022400001,15,2024-25,2024-11-12,Boston Celtics,Atlanta Hawks,1,PT10M57.00S,657.0,2817.0,0.0,0.0,0.0,0.0,unknown,0.5446558541953217,0.4553441458046783,Boston Celtics,1,0,0.0
0022400001,17,2024-25,2024-11-12,Boston Celtics,Atlanta Hawks,1,PT10M55.00S,655.0,2815.0,0.0,0.0,0.0,0.0,unknown,0.544692463881136,0.455307536118864,Boston Celtics,1,0,0.0
0022400001,19,2024-25,2024-11-12,Boston Celtics,Atlanta Hawks,1,PT10M54.00S,654.0,2814.0,0.0,0.0,0.0,0.0,unknown,0.5447107685429229,0.4552892314570771,Boston Celtics,1,0,0.0
0022400001,21,2024-25,2024-11-12,Boston Celtics,Atlanta Hawks,1,PT10M50.00S,650.0,2810.0,0.0,3.0,-3.0,3.0,made_shot,0.4365569407227835,0.5634430592772165,Atlanta Hawks,0,0,1.0
0022400001,23,2024-25,2024-11-12,Boston Celtics,Atlanta Hawks,1,PT10M35.00S,635.0,2795.0,3.0,3.0,0.0,0.0,made_shot,0.5346349215477327,0.4653650784522672,Boston Celtics,1,0,0.0
0022400001,24,2024-25,2024-11-12,Boston Celtics,Atlanta Hawks,1,PT10M24.00S,624.0,2784.0,3.0,3.0,0.0,0.0,foul,0.5417342708443103,0.4582657291556897,Boston Celtics,1,0,0.0
0022400001,27,2024-25,2024-11-12,Boston Celtics,Atlanta Hawks,1,PT10M24.00S,624.0,2784.0,3.0,3.0,0.0,0.0,free_throw,0.5424581792763254,0.4575418207236745,Boston Celtics,1,0,0.0
0022400001,28,2024-25,2024-11-12,Boston Celtics,Atlanta Hawks,1,PT10M24.00S,624.0,2784.0,3.0,3.0,0.0,0.0,rebound,0.5440099125147786,0.4559900874852214,Boston Celtics,1,0,0.0
0022400001,29,2024-25,2024-11-12,Boston Celtics,Atlanta Hawks,1,PT10M24.00S,624.0,2784.0,3.0,3.0,0.0,0.0,free_throw,0.5426444852176103,0.4573555147823896,Boston Celtics,1,0,0.0
0022400001,30,2024-25,2024-11-12,Boston Celtics,Atlanta Hawks,1,PT10M24.00S,624.0,2784.0,3.0,3.0,0.0,0.0,rebound,0.5405049576544846,0.4594950423455154,Boston Celtics,1,0,0.0
0022400001,31,2024-25,2024-11-12,Boston Celtics,Atlanta Hawks,1,PT10M06.00S,606.0,2766.0,3.0,3.0,0.0,0.0,missed_shot,0.538547222979996,0.461452777020004,Boston Celtics,1,0,0.0
0022400001,32,2024-25,2024-11-12,Boston Celtics,Atlanta Hawks,1,PT10M04.00S,604.0,2764.0,3.0,3.0,0.0,0.0,rebound,0.5408715567577189,0.4591284432422811,Boston Celtics,1,0,0.0
0022400001,34,2024-25,2024-11-12,Boston Celtics,Atlanta Hawks,1,PT09M47.00S,587.0,2747.0,3.0,3.0,0.0,0.0,missed_shot,0.5388957111539314,0.4611042888460686,Boston Celtics,1,0,0.0
0022400001,35,2024-25,2024-11-12,Boston Celtics,Atlanta Hawks,1,PT09M45.00S,585.0,2745.0,3.0,3.0,0.0,0.0,rebound,0.5412197849403725,0.4587802150596275,Boston Celtics,1,0,0.0
0022400001,36,2024-25,2024-11-12,Boston Celtics,Atlanta Hawks,1,PT09M44.00S,584.0,2744.0,3.0,5.0,-2.0,2.0,made_shot,0.4384269810625064,0.5615730189374937,Atlanta Hawks,0,0,1.0
0022400001,37,2024-25,2024-11-12,Boston Celtics,Atlanta Hawks,1,PT09M35.00S,575.0,2735.0,5.0,5.0,0.0,0.0,made_shot,0.5456787471828941,0.4543212528171059,Boston Celtics,1,0,0.0
0022400001,39,2024-25,2024-11-12,Boston Celtics,Atlanta Hawks,1,PT09M23.00S,563.0,2723.0,5.0,7.0,-2.0,2.0,made_shot,0.4792274448660973,0.5207725551339026,Atlanta Hawks,0,0,1.0
0022400001,41,2024-25,2024-11-12,Boston Celtics,Atlanta Hawks,1,PT09M11.00S,551.0,2711.0,5.0,7.0,-2.0,2.0,foul,0.4713162916660796,0.5286837083339204,Atlanta Hawks,0,0,1.0
0022400001,43,2024-25,2024-11-12,Boston Celtics,Atlanta Hawks,1,PT09M11.00S,551.0,2711.0,6.0,7.0,-1.0,1.0,free_throw,0.5040729862579731,0.4959270137420268,Boston Celtics,1,0,0.0
0022400001,44,2024-25,2024-11-12,Boston Celtics,Atlanta Hawks,1,PT09M11.00S,551.0,2711.0,6.0,7.0,-1.0,1.0,free_throw,0.5065778702768018,0.4934221297231982,Boston Celtics,1,0,0.0
0022400001,45,2024-25,2024-11-12,Boston Celtics,Atlanta Hawks,1,PT09M11.00S,551.0,2711.0,6.0,7.0,-1.0,1.0,rebound,0.5044237080925493,0.4955762919074507,Boston Celtics,1,0,0.0
0022400001,46,2024-25,2024-11-12,Boston Celtics,Atlanta Hawks,1,PT08M50.00S,530.0,2690.0,6.0,7.0,-1.0,1.0,missed_shot,0.5014598034617541,0.4985401965382459,Boston Celtics,1,0,0.0
0022400001,47,2024-25,2024-11-12,Boston Celtics,Atlanta Hawks,1,PT08M48.00S,528.0,2688.0,6.0,7.0,-1.0,1.0,rebound,0.5048480710025701,0.4951519289974299,Boston Celtics,1,0,0.0
0022400001,48,2024-25,2024-11-12,Boston Celtics,Atlanta Hawks,1,PT08M47.00S,527.0,2687.0,6.0,7.0,-1.0,1.0,missed_shot,0.4704742026525283,0.5295257973474716,Atlanta Hawks,0,0,1.0
0022400001,49,2024-25,2024-11-12,Boston Celtics,Atlanta Hawks,1,PT08M46.00S,526.0,2686.0,6.0,7.0,-1.0,1.0,rebound,0.5048849718038683,0.4951150281961317,Boston Celtics,1,0,0.0
0022400001,50,2024-25,2024-11-12,Boston Celtics,Atlanta Hawks,1,PT08M46.00S,526.0,2686.0,6.0,7.0,-1.0,1.0,missed_shot,0.5209638914054757,0.4790361085945243,Boston Celtics,1,0,0.0
0022400001,51,2024-25,2024-11-12,Boston Celtics,Atlanta Hawks,1,PT08M45.00S,525.0,2685.0,6.0,7.0,-1.0,1.0,rebound,0.5049034221845854,0.4950965778154146,Boston Celtics,1,0,0.0
0022400001,52,2024-25,2024-11-12,Boston Celtics,Atlanta Hawks,1,PT08M43.00S,523.0,2683.0,6.0,7.0,-1.0,1.0,missed_shot,0.5210191502814933,0.4789808497185067,Boston Celtics,1,0,0.0
0022400001,53,2024-25,2024-11-12,Boston Celtics,Atlanta Hawks,1,PT08M41.00S,521.0,2681.0,6.0,7.0,-1.0,1.0,rebound,0.5049772235734022,0.4950227764265977,Boston Celtics,1,0,0.0
0022400001,54,2024-25,2024-11-12,Boston Celtics,Atlanta Hawks,1,PT08M32.00S,512.0,2672.0,6.0,7.0,-1.0,1.0,foul,0.5072025362688682,0.4927974637311317,Boston Celtics,1,0,0.0
0022400001,56,2024-25,2024-11-12,Boston Celtics,Atlanta Hawks,1,PT08M29.00S,509.0,2669.0,6.0,7.0,-1.0,1.0,missed_shot,0.5028965941103154,0.4971034058896846,Boston Celtics,1,0,0.0
0022400001,57,2024-25,2024-11-12,Boston Celtics,Atlanta Hawks,1,PT08M28.00S,508.0,2668.0,6.0,7.0,-1.0,1.0,rebound,0.5052170765724768,0.4947829234275231,Boston Celtics,1,0,0.0
0022400001,58,2024-25,2024-11-12,Boston Celtics,Atlanta Hawks,1,PT08M13.00S,493.0,2653.0,8.0,7.0,1.0,1.0,made_shot,0.5871514590427848,0.4128485409572152,Boston Celtics,1,0,0.0
0022400001,60,2024-25,2024-11-12,Boston Celtics,Atlanta Hawks,1,PT08M05.00S,485.0,2645.0,8.0,9.0,-1.0,1.0,made_shot,0.5195509979461405,0.4804490020538595,Boston Celtics,1,0,0.0
0022400001,62,2024-25,2024-11-12,Boston Celtics,Atlanta Hawks,1,PT07M53.00S,473.0,2633.0,8.0,9.0,-1.0,1.0,missed_shot,0.4970610883617137,0.5029389116382863,Atlanta Hawks,0,0,1.0
0022400001,63,2024-25,2024-11-12,Boston Celtics,Atlanta Hawks,1,PT07M52.00S,472.0,2632.0,8.0,9.0,-1.0,1.0,rebound,0.5043112601483029,0.4956887398516971,Boston Celtics,1,0,0.0
0022400001,64,2024-25,2024-11-12,Boston Celtics,Atlanta Hawks,1,PT07M43.00S,463.0,2623.0,8.0,9.0,-1.0,1.0,missed_shot,0.5021752353605917,0.4978247646394083,Boston Celtics,1,0,0.0
0022400001,65,2024-25,2024-11-12,Boston Celtics,Atlanta Hawks,1,PT07M42.00S,462.0,2622.0,8.0,9.0,-1.0,1.0,rebound,0.5044957673207192,0.4955042326792808,Boston Celtics,1,0,0.0
0022400001,66,2024-25,2024-11-12,Boston Celtics,Atlanta Hawks,1,PT07M36.00S,456.0,2616.0,8.0,9.0,-1.0,1.0,foul,0.5058440198879222,0.4941559801120778,Boston Celtics,1,0,0.0
0022400001,68,2024-25,2024-11-12,Boston Celtics,Atlanta Hawks,1,PT07M36.00S,456.0,2616.0,8.0,9.0,-1.0,1.0,free_throw,0.5065729838744425,0.4934270161255575,Boston Celtics,1,0,0.0
0022400001,69,2024-25,2024-11-12,Boston Celtics,Atlanta Hawks,1,PT07M36.00S,456.0,2616.0,8.0,9.0,-1.0,1.0,rebound,0.5081360681739803,0.4918639318260197,Boston Celtics,1,0,0.0
0022400001,70,2024-25,2024-11-12,Boston Celtics,Atlanta Hawks,1,PT07M36.00S,456.0,2616.0,8.0,9.0,-1.0,1.0,free_throw,0.5067606156093877,0.4932393843906123,Boston Celtics,1,0,0.0
0022400001,71,2024-25,2024-11-12,Boston Celtics,Atlanta Hawks,1,PT07M36.00S,456.0,2616.0,8.0,9.0,-1.0,1.0,rebound,0.5046064710396331,0.4953935289603669,Boston Celtics,1,0,0.0
0022400001,72,2024-25,2024-11-12,Boston Celtics,Atlanta Hawks,1,PT07M26.00S,446.0,2606.0,8.0,9.0,-1.0,1.0,missed_shot,0.5024889150536384,0.4975110849463616,Boston Celtics,1,0,0.0
0022400001,73,2024-25,2024-11-12,Boston Celtics,Atlanta Hawks,1,PT07M24.00S,444.0,2604.0,8.0,9.0,-1.0,1.0,rebound,0.5048278771116089,0.4951721228883911,Boston Celtics,1,0,0.0
0022400001,74,2024-25,2024-11-12,Boston Celtics,Atlanta Hawks,1,PT07M21.00S,441.0,2601.0,8.0,9.0,-1.0,1.0,missed_shot,0.4976515405431649,0.502348459456835,Atlanta Hawks,0,0,1.0
0022400001,75,2024-25,2024-11-12,Boston Celtics,Atlanta Hawks,1,PT07M19.00S,439.0,2599.0,8.0,9.0,-1.0,1.0,rebound,0.5049201290877399,0.4950798709122601,Boston Celtics,1,0,0.0
0022400001,77,2024-25,2024-11-12,Boston Celtics,Atlanta Hawks,1,PT07M02.00S,422.0,2582.0,8.0,11.0,-3.0,3.0,made_shot,0.4281174754259436,0.5718825245740564,Atlanta Hawks,0,0,1.0
0022400001,78,2024-25,2024-11-12,Boston Celtics,Atlanta Hawks,1,PT07M02.00S,422.0,2582.0,8.0,11.0,-3.0,3.0,timeout,0.4324276944343335,0.5675723055656665,Atlanta Hawks,0,0,1.0
0022400001,80,2024-25,2024-11-12,Boston Celtics,Atlanta Hawks,1,PT07M02.00S,422.0,2582.0,8.0,11.0,-3.0,3.0,substitution,0.4352330942883037,0.5647669057116962,Atlanta Hawks,0,0,1.0
0022400001,81,2024-25,2024-11-12,Boston Celtics,Atlanta Hawks,1,PT07M02.00S,422.0,2582.0,8.0,11.0,-3.0,3.0,substitution,0.4352330942883037,0.5647669057116962,Atlanta Hawks,0,0,1.0
0022400001,84,2024-25,2024-11-12,Boston Celtics,Atlanta Hawks,1,PT06M44.00S,404.0,2564.0,8.0,11.0,-3.0,3.0,missed_shot,0.4285039405222394,0.5714960594777606,Atlanta Hawks,0,0,1.0
0022400001,85,2024-25,2024-11-12,Boston Celtics,Atlanta Hawks,1,PT06M42.00S,402.0,2562.0,8.0,11.0,-3.0,3.0,rebound,0.4356384107709606,0.5643615892290393,Atlanta Hawks,0,0,1.0
0022400001,86,2024-25,2024-11-12,Boston Celtics,Atlanta Hawks,1,PT06M37.00S,397.0,2557.0,10.0,11.0,-1.0,1.0,made_shot,0.4794341505241186,0.5205658494758814,Atlanta Hawks,0,0,1.0
0022400001,87,2024-25,2024-11-12,Boston Celtics,Atlanta Hawks,1,PT06M21.00S,381.0,2541.0,10.0,11.0,-1.0,1.0,missed_shot,0.5152550094847017,0.4847449905152983,Boston Celtics,1,0,0.0
0022400001,88,2024-25,2024-11-12,Boston Celtics,Atlanta Hawks,1,PT06M20.00S,380.0,2540.0,10.0,11.0,-1.0,1.0,rebound,0.504438671799639,0.495561328200361,Boston Celtics,1,0,0.0
0022400001,89,2024-25,2024-11-12,Boston Celtics,Atlanta Hawks,1,PT06M20.00S,380.0,2540.0,10.0,11.0,-1.0,1.0,missed_shot,0.4700478296974297,0.5299521703025702,Atlanta Hawks,0,0,1.0
0022400001,90,2024-25,2024-11-12,Boston Celtics,Atlanta Hawks,1,PT06M19.00S,379.0,2539.0,10.0,11.0,-1.0,1.0,rebound,0.5044571224880918,0.4955428775119082,Boston Celtics,1,0,0.0
0022400001,91,2024-25,2024-11-12,Boston Celtics,Atlanta Hawks,1,PT06M19.00S,379.0,2539.0,10.0,11.0,-1.0,1.0,missed_shot,0.52053674169642,0.47946325830358,Boston Celtics,1,0,0.0
0022400001,92,2024-25,2024-11-12,Boston Celtics,Atlanta Hawks,1,PT06M18.00S,378.0,2538.0,10.0,11.0,-1.0,1.0,rebound,0.5044755731644051,0.4955244268355949,Boston Celtics,1,0,0.0
0022400001,93,2024-25,2024-11-12,Boston Celtics,Atlanta Hawks,1,PT05M57.00S,357.0,2517.0,10.0,11.0,-1.0,1.0,foul,0.5061005697225306,0.4938994302774694,Boston Celtics,1,0,0.0
0022400001,96,2024-25,2024-11-12,Boston Celtics,Atlanta Hawks,1,PT05M57.00S,357.0,2517.0,11.0,11.0,0.0,0.0,free_throw,0.5388109552417459,0.461189044758254,Boston Celtics,1,0,0.0
0022400001,97,2024-25,2024-11-12,Boston Celtics,Atlanta Hawks,1,PT05M57.00S,357.0,2517.0,11.0,11.0,0.0,0.0,substitution,0.5391166879812056,0.4608833120187944,Boston Celtics,1,0,0.0
0022400001,98,2024-25,2024-11-12,Boston Celtics,Atlanta Hawks,1,PT05M57.00S,357.0,2517.0,11.0,11.0,0.0,0.0,substitution,0.5391166879812056,0.4608833120187944,Boston Celtics,1,0,0.0
0022400001,99,2024-25,2024-11-12,Boston Celtics,Atlanta Hawks,1,PT05M57.00S,357.0,2517.0,11.0,11.0,0.0,0.0,substitution,0.5391166879812056,0.4608833120187944,Boston Celtics,1,0,0.0
0022400001,100,2024-25,2024-11-12,Boston Celtics,Atlanta Hawks,1,PT05M57.00S,357.0,2517.0,11.0,11.0,0.0,0.0,substitution,0.5391166879812056,0.4608833120187944,Boston Celtics,1,0,0.0
0022400001,105,2024-25,2024-11-12,Boston Celtics,Atlanta Hawks,1,PT05M57.00S,357.0,2517.0,12.0,11.0,1.0,1.0,free_throw,0.5772432811486214,0.4227567188513785,Boston Celtics,1,0,0.0
0022400001,106,2024-25,2024-11-12,Boston Celtics,Atlanta Hawks,1,PT05M36.00S,336.0,2496.0,12.0,11.0,1.0,1.0,missed_shot,0.5836628550630166,0.4163371449369833,Boston Celtics,1,0,0.0
0022400001,107,2024-25,2024-11-12,Boston Celtics,Atlanta Hawks,1,PT05M35.00S,335.0,2495.0,12.0,11.0,1.0,1.0,rebound,0.577798632100282,0.4222013678997179,Boston Celtics,1,0,0.0
0022400001,108,2024-25,2024-11-12,Boston Celtics,Atlanta Hawks,1,PT05M27.00S,327.0,2487.0,12.0,11.0,1.0,1.0,unknown,0.5803165808839006,0.4196834191160994,Boston Celtics,1,0,0.0
0022400001,110,2024-25,2024-11-12,Boston Celtics,Atlanta Hawks,1,PT05M17.00S,317.0,2477.0,12.0,13.0,-1.0,1.0,made_shot,0.5099083755235881,0.4900916244764118,Boston Celtics,1,0,0.0
0022400001,111,2024-25,2024-11-12,Boston Celtics,Atlanta Hawks,1,PT04M51.00S,291.0,2451.0,12.0,13.0,-1.0,1.0,foul,0.505748284745426,0.494251715254574,Boston Celtics,1,0,0.0
0022400001,113,2024-25,2024-11-12,Boston Celtics,Atlanta Hawks,1,PT04M51.00S,291.0,2451.0,13.0,13.0,0.0,0.0,free_throw,0.5384607245569075,0.4615392754430925,Boston Celtics,1,0,0.0
0022400001,114,2024-25,2024-11-12,Boston Celtics,Atlanta Hawks,1,PT04M51.00S,291.0,2451.0,13.0,13.0,0.0,0.0,substitution,0.5387664907248156,0.4612335092751843,Boston Celtics,1,0,0.0
0022400001,117,2024-25,2024-11-12,Boston Celtics,Atlanta Hawks,1,PT04M51.00S,291.0,2451.0,14.0,13.0,1.0,1.0,free_throw,0.5768993181519619,0.423100681848038,Boston Celtics,1,0,0.0
0022400001,118,2024-25,2024-11-12,Boston Celtics,Atlanta Hawks,1,PT04M39.00S,279.0,2439.0,14.0,15.0,-1.0,1.0,made_shot,0.509042773295681,0.4909572267043189,Boston Celtics,1,0,0.0
0022400001,119,2024-25,2024-11-12,Boston Celtics,Atlanta Hawks,1,PT04M39.00S,279.0,2439.0,14.0,15.0,-1.0,1.0,foul,0.5043996739732929,0.4956003260267071,Boston Celtics,1,0,0.0
0022400001,121,2024-25,2024-11-12,Boston Celtics,Atlanta Hawks,1,PT04M39.00S,279.0,2439.0,14.0,16.0,-2.0,2.0,free_throw,0.4632646966551427,0.5367353033448572,Atlanta Hawks,0,0,1.0
0022400001,122,2024-25,2024-11-12,Boston Celtics,Atlanta Hawks,1,PT04M27.00S,267.0,2427.0,14.0,16.0,-2.0,2.0,foul,0.470316220216214,0.5296837797837859,Atlanta Hawks,0,0,1.0
0022400001,124,2024-25,2024-11-12,Boston Celtics,Atlanta Hawks,1,PT04M27.00S,267.0,2427.0,14.0,16.0,-2.0,2.0,substitution,0.4682214429774202,0.5317785570225798,Atlanta Hawks,0,0,1.0
0022400001,126,2024-25,2024-11-12,Boston Celtics,Atlanta Hawks,1,PT04M22.00S,262.0,2422.0,16.0,16.0,0.0,0.0,made_shot,0.5410072005398454,0.4589927994601546,Boston Celtics,1,0,0.0
0022400001,127,2024-25,2024-11-12,Boston Celtics,Atlanta Hawks,1,PT04M11.00S,251.0,2411.0,16.0,16.0,0.0,0.0,missed_shot,0.5349113328395388,0.4650886671604611,Boston Celtics,1,0,0.0
0022400001,128,2024-25,2024-11-12,Boston Celtics,Atlanta Hawks,1,PT04M09.00S,249.0,2409.0,16.0,16.0,0.0,0.0,rebound,0.5372382437935154,0.4627617562064846,Boston Celtics,1,0,0.0
0022400001,129,2024-25,2024-11-12,Boston Celtics,Atlanta Hawks,1,PT03M49.00S,229.0,2389.0,16.0,16.0,0.0,0.0,missed_shot,0.5353152780463681,0.4646847219536318,Boston Celtics,1,0,0.0
0022400001,130,2024-25,2024-11-12,Boston Celtics,Atlanta Hawks,1,PT03M48.00S,228.0,2388.0,16.0,16.0,0.0,0.0,rebound,0.5376235672606166,0.4623764327393834,Boston Celtics,1,0,0.0
0022400001,131,2024-25,2024-11-12,Boston Celtics,Atlanta Hawks,1,PT03M44.00S,224.0,2384.0,16.0,16.0,0.0,0.0,foul,0.5397441798277033,0.4602558201722967,Boston Celtics,1,0,0.0
0022400001,133,2024-25,2024-11-12,Boston Celtics,Atlanta Hawks,1,PT03M44.00S,224.0,2384.0,17.0,16.0,1.0,1.0,free_throw,0.5756230797533366,0.4243769202466634,Boston Celtics,1,0,0.0
0022400001,134,2024-25,2024-11-12,Boston Celtics,Atlanta Hawks,1,PT03M44.00S,224.0,2384.0,18.0,16.0,2.0,2.0,free_throw,0.6131900025024306,0.3868099974975694,Boston Celtics,1,0,0.0
0022400001,135,2024-25,2024-11-12,Boston Celtics,Atlanta Hawks,1,PT03M37.00S,217.0,2377.0,18.0,18.0,0.0,0.0,made_shot,0.5421062309037141,0.4578937690962859,Boston Celtics,1,0,0.0
0022400001,137,2024-25,2024-11-12,Boston Celtics,Atlanta Hawks,1,PT03M25.00S,205.0,2365.0,18.0,18.0,0.0,0.0,missed_shot,0.5480359814756486,0.4519640185243514,Boston Celtics,1,0,0.0
0022400001,138,2024-25,2024-11-12,Boston Celtics,Atlanta Hawks,1,PT03M24.00S,204.0,2364.0,18.0,18.0,0.0,0.0,rebound,0.5365024373125687,0.4634975626874312,Boston Celtics,1,0,0.0
0022400001,140,2024-25,2024-11-12,Boston Celtics,Atlanta Hawks,1,PT03M13.00S,193.0,2353.0,18.0,20.0,-2.0,2.0,made_shot,0.47585542402475,0.52414457597525,Atlanta Hawks,0,0,1.0
0022400001,142,2024-25,2024-11-12,Boston Celtics,Atlanta Hawks,1,PT02M54.00S,174.0,2334.0,20.0,20.0,0.0,0.0,made_shot,0.5477754915342758,0.4522245084657241,Boston Celtics,1,0,0.0
0022400001,143,2024-25,2024-11-12,Boston Celtics,Atlanta Hawks,1,PT02M54.00S,174.0,2334.0,20.0,20.0,0.0,0.0,foul,0.5367223247875177,0.4632776752124823,Boston Celtics,1,0,0.0
0022400001,145,2024-25,2024-11-12,Boston Celtics,Atlanta Hawks,1,PT02M54.00S,174.0,2334.0,20.0,20.0,0.0,0.0,timeout,0.5326059813239861,0.4673940186760139,Boston Celtics,1,0,0.0
0022400001,146,2024-25,2024-11-12,Boston Celtics,Atlanta Hawks,1,PT02M54.00S,174.0,2334.0,21.0,20.0,1.0,1.0,free_throw,0.5690939651019244,0.4309060348980755,Boston Celtics,1,0,0.0
0022400001,147,2024-25,2024-11-12,Boston Celtics,Atlanta Hawks,1,PT02M39.00S,159.0,2319.0,21.0,23.0,-2.0,2.0,made_shot,0.464010468757814,0.535989531242186,Atlanta Hawks,0,0,1.0
0022400001,149,2024-25,2024-11-12,Boston Celtics,Atlanta Hawks,1,PT02M26.00S,146.0,2306.0,21.0,23.0,-2.0,2.0,missed_shot,0.4578273644185865,0.5421726355814135,Atlanta Hawks,0,0,1.0
0022400001,150,2024-25,2024-11-12,Boston Celtics,Atlanta Hawks,1,PT02M24.00S,144.0,2304.0,21.0,23.0,-2.0,2.0,rebound,0.4650527687399121,0.5349472312600879,Atlanta Hawks,0,0,1.0
0022400001,151,2024-25,2024-11-12,Boston Celtics,Atlanta Hawks,1,PT02M19.00S,139.0,2299.0,21.0,23.0,-2.0,2.0,foul,0.4455786429070304,0.5544213570929696,Atlanta Hawks,0,0,1.0
0022400001,153,2024-25,2024-11-12,Boston Celtics,Atlanta Hawks,1,PT02M19.00S,139.0,2299.0,21.0,23.0,-2.0,2.0,turnover,0.4364626304453971,0.5635373695546029,Atlanta Hawks,0,0,1.0
0022400001,154,2024-25,2024-11-12,Boston Celtics,Atlanta Hawks,1,PT01M58.00S,118.0,2278.0,21.0,23.0,-2.0,2.0,unknown,0.4679543368249987,0.5320456631750012,Atlanta Hawks,0,0,1.0
0022400001,156,2024-25,2024-11-12,Boston Celtics,Atlanta Hawks,1,PT01M54.00S,114.0,2274.0,21.0,23.0,-2.0,2.0,unknown,0.468027842931154,0.531972157068846,Atlanta Hawks,0,0,1.0
0022400001,158,2024-25,2024-11-12,Boston Celtics,Atlanta Hawks,1,PT01M51.00S,111.0,2271.0,24.0,23.0,1.0,1.0,made_shot,0.5803570228189668,0.4196429771810331,Boston Celtics,1,0,0.0
0022400001,160,2024-25,2024-11-12,Boston Celtics,Atlanta Hawks,1,PT01M38.00S,98.0,2258.0,24.0,23.0,1.0,1.0,unknown,0.5752468456087876,0.4247531543912124,Boston Celtics,1,0,0.0
0022400001,162,2024-25,2024-11-12,Boston Celtics,Atlanta Hawks,1,PT01M31.00S,91.0,2251.0,26.0,23.0,3.0,3.0,made_shot,0.6624782526333544,0.3375217473666456,Boston Celtics,1,0,0.0
0022400001,163,2024-25,2024-11-12,Boston Celtics,Atlanta Hawks,1,PT01M11.00S,71.0,2231.0,26.0,25.0,1.0,1.0,made_shot,0.5700323463416481,0.4299676536583519,Boston Celtics,1,0,0.0
0022400001,165,2024-25,2024-11-12,Boston Celtics,Atlanta Hawks,1,PT01M00.00S,60.0,2220.0,28.0,25.0,3.0,3.0,made_shot,0.6390440201947767,0.3609559798052233,Boston Celtics,1,0,0.0
0022400001,166,2024-25,2024-11-12,Boston Celtics,Atlanta Hawks,1,PT00M51.10S,51.1,2211.1,28.0,27.0,1.0,1.0,made_shot,0.570935912692063,0.429064087307937,Boston Celtics,1,0,0.0
0022400001,168,2024-25,2024-11-12,Boston Celtics,Atlanta Hawks,1,PT00M31.60S,31.6,2191.6,28.0,27.0,1.0,1.0,missed_shot,0.5768974245462527,0.4231025754537473,Boston Celtics,1,0,0.0
0022400001,169,2024-25,2024-11-12,Boston Celtics,Atlanta Hawks,1,PT00M28.60S,28.6,2188.6,28.0,27.0,1.0,1.0,rebound,0.5710441085421774,0.4289558914578226,Boston Celtics,1,0,0.0
0022400001,170,2024-25,2024-11-12,Boston Celtics,Atlanta Hawks,1,PT00M26.30S,26.3,2186.3,28.0,27.0,1.0,1.0,foul,0.5722979297652413,0.4277020702347587,Boston Celtics,1,0,0.0
0022400001,172,2024-25,2024-11-12,Boston Celtics,Atlanta Hawks,1,PT00M26.30S,26.3,2186.3,28.0,28.0,0.0,0.0,free_throw,0.5316026286144859,0.468397371385514,Boston Celtics,1,0,0.0
0022400001,173,2024-25,2024-11-12,Boston Celtics,Atlanta Hawks,1,PT00M26.30S,26.3,2186.3,28.0,28.0,0.0,0.0,substitution,0.5319089885494146,0.4680910114505854,Boston Celtics,1,0,0.0
0022400001,175,2024-25,2024-11-12,Boston Celtics,Atlanta Hawks,1,PT00M26.30S,26.3,2186.3,28.0,29.0,-1.0,1.0,free_throw,0.4966706940952887,0.5033293059047113,Atlanta Hawks,0,0,1.0
0022400001,176,2024-25,2024-11-12,Boston Celtics,Atlanta Hawks,1,PT00M03.40S,3.4,2163.4,31.0,29.0,2.0,2.0,made_shot,0.6067730712640742,0.3932269287359258,Boston Celtics,1,0,0.0
0022400001,178,2024-25,2024-11-12,Boston Celtics,Atlanta Hawks,1,PT00M00.40S,0.4,2160.4,31.0,29.0,2.0,2.0,missed_shot,0.600643034650732,0.399356965349268,Boston Celtics,1,0,0.0
0022400001,179,2024-25,2024-11-12,Boston Celtics,Atlanta Hawks,1,PT00M00.40S,0.4,2160.4,31.0,29.0,2.0,2.0,rebound,0.6075612645596038,0.3924387354403962,Boston Celtics,1,0,0.0
0022400001,180,2024-25,2024-11-12,Boston Celtics,Atlanta Hawks,1,PT00M00.00S,0.0,2160.0,31.0,29.0,2.0,2.0,end_period,0.6099824894659975,0.3900175105340024,Boston Celtics,1,0,0.0
0022400001,193,2024-25,2024-11-12,Boston Celtics,Atlanta Hawks,2,PT12M00.00S,720.0,2160.0,31.0,29.0,2.0,2.0,start_period,0.6133574009947946,0.3866425990052053,Boston Celtics,1,0,0.0
0022400001,194,2024-25,2024-11-12,Boston Celtics,Atlanta Hawks,2,PT11M39.00S,699.0,2139.0,34.0,29.0,5.0,5.0,made_shot,0.7122139573911702,0.2877860426088298,Boston Celtics,1,0,0.0
0022400001,196,2024-25,2024-11-12,Boston Celtics,Atlanta Hawks,2,PT11M21.00S,681.0,2121.0,34.0,31.0,3.0,3.0,made_shot,0.6358583549224913,0.3641416450775087,Boston Celtics,1,0,0.0
0022400001,198,2024-25,2024-11-12,Boston Celtics,Atlanta Hawks,2,PT11M06.00S,666.0,2106.0,34.0,31.0,3.0,3.0,missed_shot,0.6424172957199297,0.3575827042800703,Boston Celtics,1,0,0.0
0022400001,199,2024-25,2024-11-12,Boston Celtics,Atlanta Hawks,2,PT11M05.00S,665.0,2105.0,34.0,31.0,3.0,3.0,rebound,0.6445468293901244,0.3554531706098756,Boston Celtics,1,0,0.0
0022400001,200,2024-25,2024-11-12,Boston Celtics,Atlanta Hawks,2,PT10M54.00S,654.0,2094.0,34.0,31.0,3.0,3.0,missed_shot,0.6426207313906862,0.3573792686093138,Boston Celtics,1,0,0.0
0022400001,201,2024-25,2024-11-12,Boston Celtics,Atlanta Hawks,2,PT10M53.00S,653.0,2093.0,34.0,31.0,3.0,3.0,rebound,0.6447497234935641,0.3552502765064359,Boston Celtics,1,0,0.0
0022400001,202,2024-25,2024-11-12,Boston Celtics,Atlanta Hawks,2,PT10M31.00S,631.0,2071.0,34.0,31.0,3.0,3.0,turnover,0.6656627041704073,0.3343372958295927,Boston Celtics,1,0,0.0
0022400001,203,2024-25,2024-11-12,Boston Celtics,Atlanta Hawks,2,PT10M20.00S,620.0,2060.0,34.0,31.0,3.0,3.0,missed_shot,0.6492801177742027,0.3507198822257973,Boston Celtics,1,0,0.0
0022400001,204,2024-25,2024-11-12,Boston Celtics,Atlanta Hawks,2,PT10M19.00S,619.0,2059.0,34.0,31.0,3.0,3.0,rebound,0.6453243074384346,0.3546756925615654,Boston Celtics,1,0,0.0
0022400001,205,2024-25,2024-11-12,Boston Celtics,Atlanta Hawks,2,PT10M11.00S,611.0,2051.0,37.0,31.0,6.0,6.0,made_shot,0.7429837856437465,0.2570162143562535,Boston Celtics,1,0,0.0
0022400001,206,2024-25,2024-11-12,Boston Celtics,Atlanta Hawks,2,PT09M55.00S,595.0,2035.0,37.0,31.0,6.0,6.0,foul,0.7271982522106523,0.2728017477893477,Boston Celtics,1,0,0.0
0022400001,208,2024-25,2024-11-12,Boston Celtics,Atlanta Hawks,2,PT09M55.00S,595.0,2035.0,37.0,31.0,6.0,6.0,turnover,0.7210983732858156,0.2789016267141844,Boston Celtics,1,0,0.0
0022400001,209,2024-25,2024-11-12,Boston Celtics,Atlanta Hawks,2,PT09M55.00S,595.0,2035.0,37.0,31.0,6.0,6.0,substitution,0.743764318719719,0.2562356812802809,Boston Celtics,1,0,0.0
0022400001,211,2024-25,2024-11-12,Boston Celtics,Atlanta Hawks,2,PT09M38.00S,578.0,2018.0,37.0,31.0,6.0,6.0,missed_shot,0.7384883412906817,0.2615116587093182,Boston Celtics,1,0,0.0
0022400001,212,2024-25,2024-11-12,Boston Celtics,Atlanta Hawks,2,PT09M36.00S,576.0,2016.0,37.0,31.0,6.0,6.0,rebound,0.7440643556244191,0.2559356443755809,Boston Celtics,1,0,0.0
0022400001,215,2024-25,2024-11-12,Boston Celtics,Atlanta Hawks,2,PT09M15.00S,555.0,1995.0,37.0,33.0,4.0,4.0,made_shot,0.6877692834326138,0.3122307165673862,Boston Celtics,1,0,0.0
0022400001,217,2024-25,2024-11-12,Boston Celtics,Atlanta Hawks,2,PT09M00.00S,540.0,1980.0,37.0,33.0,4.0,4.0,missed_shot,0.6735601112709969,0.3264398887290031,Boston Celtics,1,0,0.0
0022400001,218,2024-25,2024-11-12,Boston Celtics,Atlanta Hawks,2,PT08M59.00S,539.0,1979.0,37.0,33.0,4.0,4.0,rebound,0.6799044372706798,0.3200955627293201,Boston Celtics,1,0,0.0
0022400001,219,2024-25,2024-11-12,Boston Celtics,Atlanta Hawks,2,PT08M49.00S,529.0,1969.0,37.0,36.0,1.0,1.0,made_shot,0.5685868768468061,0.4314131231531939,Boston Celtics,1,0,0.0
0022400001,221,2024-25,2024-11-12,Boston Celtics,Atlanta Hawks,2,PT08M31.00S,511.0,1951.0,37.0,36.0,1.0,1.0,foul,0.5708819567228773,0.4291180432771226,Boston Celtics,1,0,0.0
0022400001,223,2024-25,2024-11-12,Boston Celtics,Atlanta Hawks,2,PT08M31.00S,511.0,1951.0,38.0,36.0,2.0,2.0,free_throw,0.6068895539154204,0.3931104460845795,Boston Celtics,1,0,0.0
0022400001,224,2024-25,2024-11-12,Boston Celtics,Atlanta Hawks,2,PT08M31.00S,511.0,1951.0,39.0,36.0,3.0,3.0,free_throw,0.6434033246815337,0.3565966753184663,Boston Celtics,1,0,0.0
0022400001,225,2024-25,2024-11-12,Boston Celtics,Atlanta Hawks,2,PT08M19.00S,499.0,1939.0,39.0,38.0,1.0,1.0,made_shot,0.5741048798731208,0.4258951201268792,Boston Celtics,1,0,0.0
0022400001,226,2024-25,2024-11-12,Boston Celtics,Atlanta Hawks,2,PT08M04.00S,484.0,1924.0,41.0,38.0,3.0,3.0,made_shot,0.6479511028631892,0.3520488971368107,Boston Celtics,1,0,0.0
0022400001,229,2024-25,2024-11-12,Boston Celtics,Atlanta Hawks,2,PT07M47.00S,467.0,1907.0,41.0,38.0,3.0,3.0,unknown,0.6450899089590089,0.3549100910409911,Boston Celtics,1,0,0.0
0022400001,231,2024-25,2024-11-12,Boston Celtics,Atlanta Hawks,2,PT07M42.00S,462.0,1902.0,41.0,38.0,3.0,3.0,missed_shot,0.6487789564800712,0.3512210435199288,Boston Celtics,1,0,0.0
0022400001,232,2024-25,2024-11-12,Boston Celtics,Atlanta Hawks,2,PT07M41.00S,461.0,1901.0,41.0,38.0,3.0,3.0,rebound,0.6429585673908571,0.3570414326091429,Boston Celtics,1,0,0.0
0022400001,234,2024-25,2024-11-12,Boston Celtics,Atlanta Hawks,2,PT07M41.00S,461.0,1901.0,41.0,38.0,3.0,3.0,substitution,0.6429189471264254,0.3570810528735746,Boston Celtics,1,0,0.0
0022400001,235,2024-25,2024-11-12,Boston Celtics,Atlanta Hawks,2,PT07M41.00S,461.0,1901.0,41.0,38.0,3.0,3.0,substitution,0.6429189471264254,0.3570810528735746,Boston Celtics,1,0,0.0
0022400001,238,2024-25,2024-11-12,Boston Celtics,Atlanta Hawks,2,PT07M24.00S,444.0,1884.0,41.0,38.0,3.0,3.0,missed_shot,0.6411305548505497,0.3588694451494503,Boston Celtics,1,0,0.0
0022400001,239,2024-25,2024-11-12,Boston Celtics,Atlanta Hawks,2,PT07M22.00S,442.0,1882.0,41.0,38.0,3.0,3.0,rebound,0.6432804333232948,0.3567195666767052,Boston Celtics,1,0,0.0
0022400001,240,2024-25,2024-11-12,Boston Celtics,Atlanta Hawks,2,PT07M08.00S,428.0,1868.0,41.0,38.0,3.0,3.0,missed_shot,0.6474965023499886,0.3525034976500114,Boston Celtics,1,0,0.0
0022400001,241,2024-25,2024-11-12,Boston Celtics,Atlanta Hawks,2,PT07M06.00S,426.0,1866.0,41.0,38.0,3.0,3.0,rebound,0.6435513780252985,0.3564486219747015,Boston Celtics,1,0,0.0
0022400001,242,2024-25,2024-11-12,Boston Celtics,Atlanta Hawks,2,PT06M56.00S,416.0,1856.0,41.0,38.0,3.0,3.0,missed_shot,0.6416059131937346,0.3583940868062654,Boston Celtics,1,0,0.0
0022400001,243,2024-25,2024-11-12,Boston Celtics,Atlanta Hawks,2,PT06M54.00S,414.0,1854.0,41.0,38.0,3.0,3.0,rebound,0.6437545262841067,0.3562454737158933,Boston Celtics,1,0,0.0
0022400001,244,2024-25,2024-11-12,Boston Celtics,Atlanta Hawks,2,PT06M50.00S,410.0,1850.0,41.0,38.0,3.0,3.0,missed_shot,0.6261414818995668,0.3738585181004332,Boston Celtics,1,0,0.0
0022400001,245,2024-25,2024-11-12,Boston Celtics,Atlanta Hawks,2,PT06M49.00S,409.0,1849.0,41.0,38.0,3.0,3.0,rebound,0.6438391561294281,0.3561608438705719,Boston Celtics,1,0,0.0
0022400001,247,2024-25,2024-11-12,Boston Celtics,Atlanta Hawks,2,PT06M46.00S,406.0,1846.0,41.0,38.0,3.0,3.0,timeout,0.6412270048841227,0.3587729951158773,Boston Celtics,1,0,0.0
0022400001,248,2024-25,2024-11-12,Boston Celtics,Atlanta Hawks,2,PT06M46.00S,406.0,1846.0,41.0,38.0,3.0,3.0,substitution,0.6438503555627774,0.3561496444372226,Boston Celtics,1,0,0.0
0022400001,249,2024-25,2024-11-12,Boston Celtics,Atlanta Hawks,2,PT06M46.00S,406.0,1846.0,41.0,38.0,3.0,3.0,substitution,0.6438503555627774,0.3561496444372226,Boston Celtics,1,0,0.0
0022400001,250,2024-25,2024-11-12,Boston Celtics,Atlanta Hawks,2,PT06M46.00S,406.0,1846.0,41.0,38.0,3.0,3.0,substitution,0.6438503555627774,0.3561496444372226,Boston Celtics,1,0,0.0
0022400001,251,2024-25,2024-11-12,Boston Celtics,Atlanta Hawks,2,PT06M46.00S,406.0,1846.0,41.0,38.0,3.0,3.0,substitution,0.6438503555627774,0.3561496444372226,Boston Celtics,1,0,0.0
0022400001,256,2024-25,2024-11-12,Boston Celtics,Atlanta Hawks,2,PT06M40.00S,400.0,1840.0,41.0,38.0,3.0,3.0,missed_shot,0.6418774217009704,0.3581225782990296,Boston Celtics,1,0,0.0
0022400001,257,2024-25,2024-11-12,Boston Celtics,Atlanta Hawks,2,PT06M37.00S,397.0,1837.0,41.0,38.0,3.0,3.0,rebound,0.6440422310939842,0.3559577689060158,Boston Celtics,1,0,0.0
0022400001,259,2024-25,2024-11-12,Boston Celtics,Atlanta Hawks,2,PT06M26.00S,386.0,1826.0,41.0,38.0,3.0,3.0,missed_shot,0.6421149170288618,0.3578850829711382,Boston Celtics,1,0,0.0
0022400001,260,2024-25,2024-11-12,Boston Celtics,Atlanta Hawks,2,PT06M24.00S,384.0,1824.0,41.0,38.0,3.0,3.0,rebound,0.6442621705048551,0.3557378294951449,Boston Celtics,1,0,0.0
0022400001,262,2024-25,2024-11-12,Boston Celtics,Atlanta Hawks,2,PT06M04.00S,364.0,1804.0,41.0,40.0,1.0,1.0,made_shot,0.5750082809142102,0.4249917190857898,Boston Celtics,1,0,0.0
0022400001,263,2024-25,2024-11-12,Boston Celtics,Atlanta Hawks,2,PT05M45.00S,345.0,1785.0,43.0,40.0,3.0,3.0,made_shot,0.6382340695185224,0.3617659304814776,Boston Celtics,1,0,0.0
0022400001,265,2024-25,2024-11-12,Boston Celtics,Atlanta Hawks,2,PT05M33.00S,333.0,1773.0,43.0,40.0,3.0,3.0,unknown,0.6459159001574162,0.3540840998425838,Boston Celtics,1,0,0.0
0022400001,267,2024-25,2024-11-12,Boston Celtics,Atlanta Hawks,2,PT05M32.00S,332.0,1772.0,43.0,40.0,3.0,3.0,rebound,0.6437021444609786,0.3562978555390214,Boston Celtics,1,0,0.0
0022400001,269,2024-25,2024-11-12,Boston Celtics,Atlanta Hawks,2,PT05M32.00S,332.0,1772.0,43.0,40.0,3.0,3.0,substitution,0.6436625609797848,0.3563374390202152,Boston Celtics,1,0,0.0
0022400001,270,2024-25,2024-11-12,Boston Celtics,Atlanta Hawks,2,PT05M32.00S,332.0,1772.0,43.0,40.0,3.0,3.0,substitution,0.6436625609797848,0.3563374390202152,Boston Celtics,1,0,0.0
0022400001,271,2024-25,2024-11-12,Boston Celtics,Atlanta Hawks,2,PT05M32.00S,332.0,1772.0,43.0,40.0,3.0,3.0,substitution,0.6436625609797848,0.3563374390202152,Boston Celtics,1,0,0.0
0022400001,275,2024-25,2024-11-12,Boston Celtics,Atlanta Hawks,2,PT05M29.00S,329.0,1769.0,43.0,40.0,3.0,3.0,missed_shot,0.6370916133169727,0.3629083866830273,Boston Celtics,1,0,0.0
0022400001,276,2024-25,2024-11-12,Boston Celtics,Atlanta Hawks,2,PT05M27.00S,327.0,1767.0,43.0,40.0,3.0,3.0,rebound,0.6437867798645074,0.3562132201354926,Boston Celtics,1,0,0.0
0022400001,277,2024-25,2024-11-12,Boston Celtics,Atlanta Hawks,2,PT05M11.00S,311.0,1751.0,46.0,40.0,6.0,6.0,made_shot,0.7418132666340786,0.2581867333659213,Boston Celtics,1,0,0.0
0022400001,279,2024-25,2024-11-12,Boston Celtics,Atlanta Hawks,2,PT04M54.00S,294.0,1734.0,46.0,40.0,6.0,6.0,missed_shot,0.7408792733102509,0.259120726689749,Boston Celtics,1,0,0.0
0022400001,280,2024-25,2024-11-12,Boston Celtics,Atlanta Hawks,2,PT04M52.00S,292.0,1732.0,46.0,40.0,6.0,6.0,rebound,0.7426714299117197,0.2573285700882802,Boston Celtics,1,0,0.0
0022400001,281,2024-25,2024-11-12,Boston Celtics,Atlanta Hawks,2,PT04M51.00S,291.0,1731.0,46.0,40.0,6.0,6.0,unknown,0.7445424067420943,0.2554575932579057,Boston Celtics,1,0,0.0
0022400001,283,2024-25,2024-11-12,Boston Celtics,Atlanta Hawks,2,PT04M50.00S,290.0,1730.0,46.0,40.0,6.0,6.0,rebound,0.7426996401073565,0.2573003598926435,Boston Celtics,1,0,0.0
0022400001,285,2024-25,2024-11-12,Boston Celtics,Atlanta Hawks,2,PT04M50.00S,290.0,1730.0,46.0,40.0,6.0,6.0,substitution,0.742666658117865,0.2573333418821349,Boston Celtics,1,0,0.0
0022400001,287,2024-25,2024-11-12,Boston Celtics,Atlanta Hawks,2,PT04M43.00S,283.0,1723.0,46.0,43.0,3.0,3.0,made_shot,0.6416611841359166,0.3583388158640834,Boston Celtics,1,0,0.0
0022400001,288,2024-25,2024-11-12,Boston Celtics,Atlanta Hawks,2,PT04M29.00S,269.0,1709.0,49.0,43.0,6.0,6.0,made_shot,0.7406007607951561,0.2593992392048438,Boston Celtics,1,0,0.0
0022400001,290,2024-25,2024-11-12,Boston Celtics,Atlanta Hawks,2,PT04M17.00S,257.0,1697.0,49.0,43.0,6.0,6.0,missed_shot,0.7446850038320884,0.2553149961679116,Boston Celtics,1,0,0.0
0022400001,291,2024-25,2024-11-12,Boston Celtics,Atlanta Hawks,2,PT04M15.00S,255.0,1695.0,49.0,43.0,6.0,6.0,rebound,0.7413907991337726,0.2586092008662274,Boston Celtics,1,0,0.0
0022400001,292,2024-25,2024-11-12,Boston Celtics,Atlanta Hawks,2,PT04M04.00S,244.0,1684.0,51.0,43.0,8.0,8.0,made_shot,0.8002495982439385,0.1997504017560615,Boston Celtics,1,0,0.0
0022400001,293,2024-25,2024-11-12,Boston Celtics,Atlanta Hawks,2,PT04M04.00S,244.0,1684.0,51.0,43.0,8.0,8.0,timeout,0.794578289009977,0.205421710990023,Boston Celtics,1,0,0.0
0022400001,294,2024-25,2024-11-12,Boston Celtics,Atlanta Hawks,2,PT04M04.00S,244.0,1684.0,51.0,43.0,8.0,8.0,substitution,0.7964363033143533,0.2035636966856466,Boston Celtics,1,0,0.0
0022400001,296,2024-25,2024-11-12,Boston Celtics,Atlanta Hawks,2,PT04M04.00S,244.0,1684.0,51.0,43.0,8.0,8.0,instant_replay,0.7847076359670944,0.2152923640329056,Boston Celtics,1,0,0.0
0022400001,297,2024-25,2024-11-12,Boston Celtics,Atlanta Hawks,2,PT03M54.00S,234.0,1674.0,51.0,43.0,8.0,8.0,missed_shot,0.7993870113956809,0.2006129886043191,Boston Celtics,1,0,0.0
0022400001,298,2024-25,2024-11-12,Boston Celtics,Atlanta Hawks,2,PT03M53.00S,233.0,1673.0,51.0,43.0,8.0,8.0,rebound,0.79659586612018,0.20340413387982,Boston Celtics,1,0,0.0
0022400001,299,2024-25,2024-11-12,Boston Celtics,Atlanta Hawks,2,PT03M47.00S,227.0,1667.0,54.0,43.0,11.0,11.0,made_shot,0.8615222168499099,0.13847778315009,Boston Celtics,1,0,0.0
0022400001,301,2024-25,2024-11-12,Boston Celtics,Atlanta Hawks,2,PT03M30.00S,210.0,1650.0,54.0,45.0,9.0,9.0,made_shot,0.8188311812919763,0.1811688187080237,Boston Celtics,1,0,0.0
0022400001,302,2024-25,2024-11-12,Boston Celtics,Atlanta Hawks,2,PT03M15.00S,195.0,1635.0,54.0,45.0,9.0,9.0,unknown,0.8215047643278579,0.1784952356721421,Boston Celtics,1,0,0.0
0022400001,304,2024-25,2024-11-12,Boston Celtics,Atlanta Hawks,2,PT03M08.00S,188.0,1628.0,54.0,48.0,6.0,6.0,made_shot,0.7453759320331679,0.2546240679668321,Boston Celtics,1,0,0.0
0022400001,306,2024-25,2024-11-12,Boston Celtics,Atlanta Hawks,2,PT02M41.00S,161.0,1601.0,54.0,48.0,6.0,6.0,missed_shot,0.7430433732649999,0.2569566267350001,Boston Celtics,1,0,0.0
0022400001,307,2024-25,2024-11-12,Boston Celtics,Atlanta Hawks,2,PT02M39.00S,159.0,1599.0,54.0,48.0,6.0,6.0,rebound,0.739735390144167,0.260264609855833,Boston Celtics,1,0,0.0
0022400001,308,2024-25,2024-11-12,Boston Celtics,Atlanta Hawks,2,PT02M34.00S,154.0,1594.0,54.0,48.0,6.0,6.0,unknown,0.7416768560735316,0.2583231439264684,Boston Celtics,1,0,0.0
0022400001,310,2024-25,2024-11-12,Boston Celtics,Atlanta Hawks,2,PT02M33.00S,153.0,1593.0,54.0,48.0,6.0,6.0,rebound,0.7398206419503001,0.2601793580496999,Boston Celtics,1,0,0.0
0022400001,311,2024-25,2024-11-12,Boston Celtics,Atlanta Hawks,2,PT02M31.00S,151.0,1591.0,54.0,48.0,6.0,6.0,foul,0.7408008038099941,0.2591991961900058,Boston Celtics,1,0,0.0
0022400001,313,2024-25,2024-11-12,Boston Celtics,Atlanta Hawks,2,PT02M31.00S,151.0,1591.0,54.0,49.0,5.0,5.0,free_throw,0.7079567921477048,0.2920432078522952,Boston Celtics,1,0,0.0
0022400001,314,2024-25,2024-11-12,Boston Celtics,Atlanta Hawks,2,PT02M31.00S,151.0,1591.0,54.0,49.0,5.0,5.0,substitution,0.7082111177258225,0.2917888822741775,Boston Celtics,1,0,0.0
0022400001,316,2024-25,2024-11-12,Boston Celtics,Atlanta Hawks,2,PT02M31.00S,151.0,1591.0,54.0,50.0,4.0,4.0,free_throw,0.6743513185850719,0.3256486814149281,Boston Celtics,1,0,0.0
0022400001,317,2024-25,2024-11-12,Boston Celtics,Atlanta Hawks,2,PT02M15.00S,135.0,1575.0,56.0,50.0,6.0,6.0,made_shot,0.734442934949176,0.265557065050824,Boston Celtics,1,0,0.0
0022400001,319,2024-25,2024-11-12,Boston Celtics,Atlanta Hawks,2,PT02M06.00S,126.0,1566.0,56.0,50.0,6.0,6.0,missed_shot,0.7333764165450019,0.2666235834549981,Boston Celtics,1,0,0.0
0022400001,320,2024-25,2024-11-12,Boston Celtics,Atlanta Hawks,2,PT02M05.00S,125.0,1565.0,56.0,50.0,6.0,6.0,rebound,0.7390086739038372,0.2609913260961628,Boston Celtics,1,0,0.0
0022400001,321,2024-25,2024-11-12,Boston Celtics,Atlanta Hawks,2,PT01M54.00S,114.0,1554.0,56.0,50.0,6.0,6.0,foul,0.740118609122783,0.2598813908772169,Boston Celtics,1,0,0.0
0022400001,323,2024-25,2024-11-12,Boston Celtics,Atlanta Hawks,2,PT01M54.00S,114.0,1554.0,57.0,50.0,7.0,7.0,free_throw,0.7677038383978978,0.2322961616021022,Boston Celtics,1,0,0.0
0022400001,324,2024-25,2024-11-12,Boston Celtics,Atlanta Hawks,2,PT01M54.00S,114.0,1554.0,57.0,50.0,7.0,7.0,substitution,0.7679231895936773,0.2320768104063226,Boston Celtics,1,0,0.0
0022400001,326,2024-25,2024-11-12,Boston Celtics,Atlanta Hawks,2,PT01M54.00S,114.0,1554.0,58.0,50.0,8.0,8.0,free_throw,0.7943422608436285,0.2056577391563715,Boston Celtics,1,0,0.0
0022400001,327,2024-25,2024-11-12,Boston Celtics,Atlanta Hawks,2,PT01M42.00S,102.0,1542.0,58.0,52.0,6.0,6.0,made_shot,0.7375201093683794,0.2624798906316206,Boston Celtics,1,0,0.0
0022400001,329,2024-25,2024-11-12,Boston Celtics,Atlanta Hawks,2,PT01M31.00S,91.0,1531.0,61.0,52.0,9.0,9.0,made_shot,0.8174919372096888,0.1825080627903111,Boston Celtics,1,0,0.0
0022400001,331,2024-25,2024-11-12,Boston Celtics,Atlanta Hawks,2,PT01M22.00S,82.0,1522.0,61.0,52.0,9.0,9.0,foul,0.8187861128057093,0.1812138871942906,Boston Celtics,1,0,0.0
0022400001,333,2024-25,2024-11-12,Boston Celtics,Atlanta Hawks,2,PT01M22.00S,82.0,1522.0,61.0,52.0,9.0,9.0,free_throw,0.8192184187205453,0.1807815812794546,Boston Celtics,1,0,0.0
0022400001,334,2024-25,2024-11-12,Boston Celtics,Atlanta Hawks,2,PT01M22.00S,82.0,1522.0,61.0,52.0,9.0,9.0,rebound,0.820142740272705,0.179857259727295,Boston Celtics,1,0,0.0
0022400001,335,2024-25,2024-11-12,Boston Celtics,Atlanta Hawks,2,PT01M22.00S,82.0,1522.0,61.0,52.0,9.0,9.0,free_throw,0.8193295645885683,0.1806704354114316,Boston Celtics,1,0,0.0
0022400001,336,2024-25,2024-11-12,Boston Celtics,Atlanta Hawks,2,PT01M21.00S,81.0,1521.0,61.0,52.0,9.0,9.0,rebound,0.8180613709770409,0.1819386290229591,Boston Celtics,1,0,0.0
0022400001,337,2024-25,2024-11-12,Boston Celtics,Atlanta Hawks,2,PT01M18.00S,78.0,1518.0,61.0,52.0,9.0,9.0,missed_shot,0.816719899477491,0.1832801005225089,Boston Celtics,1,0,0.0
0022400001,338,2024-25,2024-11-12,Boston Celtics,Atlanta Hawks,2,PT01M16.00S,76.0,1516.0,61.0,52.0,9.0,9.0,rebound,0.8181162917657582,0.1818837082342418,Boston Celtics,1,0,0.0
0022400001,339,2024-25,2024-11-12,Boston Celtics,Atlanta Hawks,2,PT01M09.00S,69.0,1509.0,63.0,52.0,11.0,11.0,made_shot,0.848873333112624,0.1511266668873759,Boston Celtics,1,0,0.0
0022400001,341,2024-25,2024-11-12,Boston Celtics,Atlanta Hawks,2,PT00M56.50S,56.5,1496.5,63.0,52.0,11.0,11.0,turnover,0.8706101754838567,0.1293898245161433,Boston Celtics,1,0,0.0
0022400001,342,2024-25,2024-11-12,Boston Celtics,Atlanta Hawks,2,PT00M37.00S,37.0,1477.0,63.0,52.0,11.0,11.0,missed_shot,0.8748428752179837,0.1251571247820163,Boston Celtics,1,0,0.0
0022400001,343,2024-25,2024-11-12,Boston Celtics,Atlanta Hawks,2,PT00M36.30S,36.3,1476.3,63.0,52.0,11.0,11.0,rebound,0.8601920792360987,0.1398079207639012,Boston Celtics,1,0,0.0
0022400001,344,2024-25,2024-11-12,Boston Celtics,Atlanta Hawks,2,PT00M25.90S,25.9,1465.9,63.0,54.0,9.0,9.0,made_shot,0.8232630633012956,0.1767369366987043,Boston Celtics,1,0,0.0
0022400001,346,2024-25,2024-11-12,Boston Celtics,Atlanta Hawks,2,PT00M03.50S,3.5,1443.5,63.0,54.0,9.0,9.0,unknown,0.8194235690354476,0.1805764309645524,Boston Celtics,1,0,0.0
0022400001,348,2024-25,2024-11-12,Boston Celtics,Atlanta Hawks,2,PT00M01.10S,1.1,1441.1,63.0,54.0,9.0,9.0,turnover,0.8311576172357459,0.1688423827642541,Boston Celtics,1,0,0.0
0022400001,349,2024-25,2024-11-12,Boston Celtics,Atlanta Hawks,2,PT00M01.10S,1.1,1441.1,63.0,54.0,9.0,9.0,substitution,0.8179786053482943,0.1820213946517057,Boston Celtics,1,0,0.0
0022400001,353,2024-25,2024-11-12,Boston Celtics,Atlanta Hawks,2,PT00M00.40S,0.4,1440.4,63.0,54.0,9.0,9.0,foul,0.8187478401151456,0.1812521598848544,Boston Celtics,1,0,0.0
0022400001,355,2024-25,2024-11-12,Boston Celtics,Atlanta Hawks,2,PT00M00.40S,0.4,1440.4,63.0,54.0,9.0,9.0,instant_replay,0.8152939117477541,0.1847060882522458,Boston Celtics,1,0,0.0
0022400001,356,2024-25,2024-11-12,Boston Celtics,Atlanta Hawks,2,PT00M00.40S,0.4,1440.4,64.0,54.0,10.0,10.0,free_throw,0.8397935425152614,0.1602064574847386,Boston Celtics,1,0,0.0
0022400001,357,2024-25,2024-11-12,Boston Celtics,Atlanta Hawks,2,PT00M00.40S,0.4,1440.4,65.0,54.0,11.0,11.0,free_throw,0.8596761666959938,0.1403238333040062,Boston Celtics,1,0,0.0
0022400001,358,2024-25,2024-11-12,Boston Celtics,Atlanta Hawks,2,PT00M00.00S,0.0,1440.0,65.0,54.0,11.0,11.0,end_period,0.8609761477313623,0.1390238522686376,Boston Celtics,1,0,0.0
0022400001,363,2024-25,2024-11-12,Boston Celtics,Atlanta Hawks,3,PT12M00.00S,720.0,1440.0,65.0,54.0,11.0,11.0,start_period,0.8626681375789873,0.1373318624210127,Boston Celtics,1,0,0.0
0022400001,364,2024-25,2024-11-12,Boston Celtics,Atlanta Hawks,3,PT11M43.00S,703.0,1423.0,67.0,54.0,13.0,13.0,made_shot,0.8930892062082226,0.1069107937917773,Boston Celtics,1,0,0.0
0022400001,366,2024-25,2024-11-12,Boston Celtics,Atlanta Hawks,3,PT11M25.00S,685.0,1405.0,67.0,56.0,11.0,11.0,made_shot,0.8459555071985463,0.1540444928014537,Boston Celtics,1,0,0.0
0022400001,368,2024-25,2024-11-12,Boston Celtics,Atlanta Hawks,3,PT11M12.00S,672.0,1392.0,67.0,56.0,11.0,11.0,unknown,0.8612128304937317,0.1387871695062683,Boston Celtics,1,0,0.0
0022400001,370,2024-25,2024-11-12,Boston Celtics,Atlanta Hawks,3,PT11M07.00S,667.0,1387.0,67.0,58.0,9.0,9.0,made_shot,0.803884005807423,0.1961159941925769,Boston Celtics,1,0,0.0
0022400001,372,2024-25,2024-11-12,Boston Celtics,Atlanta Hawks,3,PT10M41.00S,641.0,1361.0,67.0,58.0,9.0,9.0,missed_shot,0.8163992598283899,0.1836007401716101,Boston Celtics,1,0,0.0
0022400001,373,2024-25,2024-11-12,Boston Celtics,Atlanta Hawks,3,PT10M40.00S,640.0,1360.0,67.0,58.0,9.0,9.0,rebound,0.8177865519581384,0.1822134480418615,Boston Celtics,1,0,0.0
0022400001,374,2024-25,2024-11-12,Boston Celtics,Atlanta Hawks,3,PT10M24.00S,624.0,1344.0,67.0,58.0,9.0,9.0,turnover,0.8242351342122322,0.1757648657877678,Boston Celtics,1,0,0.0
0022400001,375,2024-25,2024-11-12,Boston Celtics,Atlanta Hawks,3,PT10M19.00S,619.0,1339.0,67.0,58.0,9.0,9.0,unknown,0.8194628009703914,0.1805371990296086,Boston Celtics,1,0,0.0
0022400001,377,2024-25,2024-11-12,Boston Celtics,Atlanta Hawks,3,PT10M12.00S,612.0,1332.0,67.0,58.0,9.0,9.0,missed_shot,0.8274032519458182,0.1725967480541818,Boston Celtics,1,0,0.0
0022400001,378,2024-25,2024-11-12,Boston Celtics,Atlanta Hawks,3,PT10M10.00S,610.0,1330.0,67.0,58.0,9.0,9.0,rebound,0.8181162701548517,0.1818837298451483,Boston Celtics,1,0,0.0
0022400001,379,2024-25,2024-11-12,Boston Celtics,Atlanta Hawks,3,PT09M57.00S,597.0,1317.0,67.0,58.0,9.0,9.0,foul,0.8189940744976562,0.1810059255023438,Boston Celtics,1,0,0.0
0022400001,381,2024-25,2024-11-12,Boston Celtics,Atlanta Hawks,3,PT09M57.00S,597.0,1317.0,68.0,58.0,10.0,10.0,free_throw,0.8641511533684466,0.1358488466315534,Boston Celtics,1,0,0.0
0022400001,382,2024-25,2024-11-12,Boston Celtics,Atlanta Hawks,3,PT09M57.00S,597.0,1317.0,69.0,58.0,11.0,11.0,free_throw,0.8824423141646796,0.1175576858353204,Boston Celtics,1,0,0.0
0022400001,383,2024-25,2024-11-12,Boston Celtics,Atlanta Hawks,3,PT09M57.00S,597.0,1317.0,70.0,58.0,12.0,12.0,free_throw,0.8984689721396572,0.1015310278603428,Boston Celtics,1,0,0.0
0022400001,384,2024-25,2024-11-12,Boston Celtics,Atlanta Hawks,3,PT09M42.00S,582.0,1302.0,70.0,58.0,12.0,12.0,missed_shot,0.8767463497249183,0.1232536502750817,Boston Celtics,1,0,0.0
0022400001,385,2024-25,2024-11-12,Boston Celtics,Atlanta Hawks,3,PT09M41.00S,581.0,1301.0,70.0,58.0,12.0,12.0,rebound,0.877745940293766,0.122254059706234,Boston Celtics,1,0,0.0
0022400001,386,2024-25,2024-11-12,Boston Celtics,Atlanta Hawks,3,PT09M28.00S,568.0,1288.0,70.0,58.0,12.0,12.0,missed_shot,0.8908891001551253,0.1091108998448746,Boston Celtics,1,0,0.0
0022400001,387,2024-25,2024-11-12,Boston Celtics,Atlanta Hawks,3,PT09M27.00S,567.0,1287.0,70.0,58.0,12.0,12.0,rebound,0.8778567805615654,0.1221432194384346,Boston Celtics,1,0,0.0
0022400001,388,2024-25,2024-11-12,Boston Celtics,Atlanta Hawks,3,PT09M15.00S,555.0,1275.0,70.0,58.0,12.0,12.0,unknown,0.8789915050543902,0.1210084949456098,Boston Celtics,1,0,0.0
0022400001,390,2024-25,2024-11-12,Boston Celtics,Atlanta Hawks,3,PT09M12.00S,552.0,1272.0,70.0,58.0,12.0,12.0,turnover,0.8760418763473968,0.1239581236526031,Boston Celtics,1,0,0.0
0022400001,392,2024-25,2024-11-12,Boston Celtics,Atlanta Hawks,3,PT09M07.00S,547.0,1267.0,72.0,58.0,14.0,14.0,made_shot,0.907652536991081,0.092347463008919,Boston Celtics,1,0,0.0
0022400001,394,2024-25,2024-11-12,Boston Celtics,Atlanta Hawks,3,PT08M46.00S,526.0,1246.0,72.0,60.0,12.0,12.0,made_shot,0.8771715726284158,0.1228284273715841,Boston Celtics,1,0,0.0
0022400001,396,2024-25,2024-11-12,Boston Celtics,Atlanta Hawks,3,PT08M32.00S,512.0,1232.0,75.0,60.0,15.0,15.0,made_shot,0.9192695350368888,0.080730464963111,Boston Celtics,1,0,0.0
0022400001,398,2024-25,2024-11-12,Boston Celtics,Atlanta Hawks,3,PT08M19.00S,499.0,1219.0,75.0,62.0,13.0,13.0,made_shot,0.8899988235668674,0.1100011764331325,Boston Celtics,1,0,0.0
0022400001,399,2024-25,2024-11-12,Boston Celtics,Atlanta Hawks,3,PT08M02.00S,482.0,1202.0,75.0,62.0,13.0,13.0,missed_shot,0.8920594600790656,0.1079405399209344,Boston Celtics,1,0,0.0
0022400001,400,2024-25,2024-11-12,Boston Celtics,Atlanta Hawks,3,PT08M01.00S,481.0,1201.0,75.0,62.0,13.0,13.0,rebound,0.8929500243548227,0.1070499756451772,Boston Celtics,1,0,0.0
0022400001,401,2024-25,2024-11-12,Boston Celtics,Atlanta Hawks,3,PT07M49.00S,469.0,1189.0,75.0,64.0,11.0,11.0,made_shot,0.8579345957631715,0.1420654042368284,Boston Celtics,1,0,0.0
0022400001,402,2024-25,2024-11-12,Boston Celtics,Atlanta Hawks,3,PT07M28.00S,448.0,1168.0,77.0,64.0,13.0,13.0,made_shot,0.8946247823676066,0.1053752176323934,Boston Celtics,1,0,0.0
0022400001,403,2024-25,2024-11-12,Boston Celtics,Atlanta Hawks,3,PT07M17.00S,437.0,1157.0,77.0,66.0,11.0,11.0,made_shot,0.8584919809921014,0.1415080190078985,Boston Celtics,1,0,0.0
0022400001,405,2024-25,2024-11-12,Boston Celtics,Atlanta Hawks,3,PT07M01.00S,421.0,1141.0,77.0,66.0,11.0,11.0,unknown,0.8596664637925693,0.1403335362074307,Boston Celtics,1,0,0.0
0022400001,407,2024-25,2024-11-12,Boston Celtics,Atlanta Hawks,3,PT06M52.00S,412.0,1132.0,77.0,66.0,11.0,11.0,missed_shot,0.8606663947974434,0.1393336052025565,Boston Celtics,1,0,0.0
0022400001,408,2024-25,2024-11-12,Boston Celtics,Atlanta Hawks,3,PT06M47.00S,407.0,1127.0,77.0,66.0,11.0,11.0,rebound,0.8586128444986424,0.1413871555013576,Boston Celtics,1,0,0.0
0022400001,409,2024-25,2024-11-12,Boston Celtics,Atlanta Hawks,3,PT06M43.00S,403.0,1123.0,79.0,66.0,13.0,13.0,made_shot,0.8767422316282205,0.1232577683717794,Boston Celtics,1,0,0.0
0022400001,411,2024-25,2024-11-12,Boston Celtics,Atlanta Hawks,3,PT06M43.00S,403.0,1123.0,79.0,66.0,13.0,13.0,timeout,0.8911785404159361,0.1088214595840638,Boston Celtics,1,0,0.0
0022400001,412,2024-25,2024-11-12,Boston Celtics,Atlanta Hawks,3,PT06M43.00S,403.0,1123.0,79.0,66.0,13.0,13.0,substitution,0.8922812673572674,0.1077187326427325,Boston Celtics,1,0,0.0
0022400001,413,2024-25,2024-11-12,Boston Celtics,Atlanta Hawks,3,PT06M43.00S,403.0,1123.0,79.0,66.0,13.0,13.0,substitution,0.8922812673572674,0.1077187326427325,Boston Celtics,1,0,0.0
0022400001,414,2024-25,2024-11-12,Boston Celtics,Atlanta Hawks,3,PT06M43.00S,403.0,1123.0,79.0,66.0,13.0,13.0,substitution,0.8922812673572674,0.1077187326427325,Boston Celtics,1,0,0.0
0022400001,415,2024-25,2024-11-12,Boston Celtics,Atlanta Hawks,3,PT06M43.00S,403.0,1123.0,79.0,66.0,13.0,13.0,substitution,0.8922812673572674,0.1077187326427325,Boston Celtics,1,0,0.0
0022400001,416,2024-25,2024-11-12,Boston Celtics,Atlanta Hawks,3,PT06M43.00S,403.0,1123.0,79.0,66.0,13.0,13.0,substitution,0.8922812673572674,0.1077187326427325,Boston Celtics,1,0,0.0
0022400001,422,2024-25,2024-11-12,Boston Celtics,Atlanta Hawks,3,PT06M33.00S,393.0,1113.0,79.0,66.0,13.0,13.0,missed_shot,0.8914810941651085,0.1085189058348915,Boston Celtics,1,0,0.0
0022400001,423,2024-25,2024-11-12,Boston Celtics,Atlanta Hawks,3,PT06M31.00S,391.0,1111.0,79.0,66.0,13.0,13.0,rebound,0.8923829430092306,0.1076170569907694,Boston Celtics,1,0,0.0
0022400001,424,2024-25,2024-11-12,Boston Celtics,Atlanta Hawks,3,PT06M17.00S,377.0,1097.0,79.0,66.0,13.0,13.0,missed_shot,0.8896746464538159,0.1103253535461841,Boston Celtics,1,0,0.0
0022400001,425,2024-25,2024-11-12,Boston Celtics,Atlanta Hawks,3,PT06M15.00S,375.0,1095.0,79.0,66.0,13.0,13.0,rebound,0.8924963025410878,0.1075036974589122,Boston Celtics,1,0,0.0
0022400001,426,2024-25,2024-11-12,Boston Celtics,Atlanta Hawks,3,PT06M01.00S,361.0,1081.0,81.0,66.0,15.0,15.0,made_shot,0.9172114029679812,0.0827885970320188,Boston Celtics,1,0,0.0
0022400001,427,2024-25,2024-11-12,Boston Celtics,Atlanta Hawks,3,PT05M55.00S,355.0,1075.0,81.0,66.0,15.0,15.0,unknown,0.9196818341125608,0.0803181658874392,Boston Celtics,1,0,0.0
0022400001,429,2024-25,2024-11-12,Boston Celtics,Atlanta Hawks,3,PT05M51.00S,351.0,1071.0,81.0,66.0,15.0,15.0,missed_shot,0.91311637969419,0.0868836203058099,Boston Celtics,1,0,0.0
0022400001,430,2024-25,2024-11-12,Boston Celtics,Atlanta Hawks,3,PT05M49.00S,349.0,1069.0,81.0,66.0,15.0,15.0,rebound,0.918992424342562,0.0810075756574378,Boston Celtics,1,0,0.0
0022400001,431,2024-25,2024-11-12,Boston Celtics,Atlanta Hawks,3,PT05M44.00S,344.0,1064.0,81.0,68.0,13.0,13.0,made_shot,0.8943562042101371,0.1056437957898629,Boston Celtics,1,0,0.0
0022400001,433,2024-25,2024-11-12,Boston Celtics,Atlanta Hawks,3,PT05M29.00S,329.0,1049.0,81.0,68.0,13.0,13.0,missed_shot,0.891330378528133,0.1086696214718669,Boston Celtics,1,0,0.0
0022400001,434,2024-25,2024-11-12,Boston Celtics,Atlanta Hawks,3,PT05M26.00S,326.0,1046.0,81.0,68.0,13.0,13.0,rebound,0.8922404251999833,0.1077595748000167,Boston Celtics,1,0,0.0
0022400001,435,2024-25,2024-11-12,Boston Celtics,Atlanta Hawks,3,PT05M20.00S,320.0,1040.0,81.0,68.0,13.0,13.0,turnover,0.8905478815282442,0.1094521184717558,Boston Celtics,1,0,0.0
0022400001,437,2024-25,2024-11-12,Boston Celtics,Atlanta Hawks,3,PT05M20.00S,320.0,1040.0,81.0,68.0,13.0,13.0,substitution,0.8922664078098631,0.1077335921901369,Boston Celtics,1,0,0.0
0022400001,439,2024-25,2024-11-12,Boston Celtics,Atlanta Hawks,3,PT05M05.00S,305.0,1025.0,81.0,68.0,13.0,13.0,unknown,0.8933210932769712,0.1066789067230288,Boston Celtics,1,0,0.0
0022400001,441,2024-25,2024-11-12,Boston Celtics,Atlanta Hawks,3,PT05M02.00S,302.0,1022.0,81.0,68.0,13.0,13.0,missed_shot,0.8848630586640969,0.1151369413359031,Boston Celtics,1,0,0.0
0022400001,442,2024-25,2024-11-12,Boston Celtics,Atlanta Hawks,3,PT05M00.00S,300.0,1020.0,81.0,68.0,13.0,13.0,rebound,0.892424795574485,0.107575204425515,Boston Celtics,1,0,0.0
0022400001,443,2024-25,2024-11-12,Boston Celtics,Atlanta Hawks,3,PT04M42.00S,282.0,1002.0,81.0,68.0,13.0,13.0,missed_shot,0.8948473012460398,0.1051526987539601,Boston Celtics,1,0,0.0
0022400001,444,2024-25,2024-11-12,Boston Celtics,Atlanta Hawks,3,PT04M41.00S,281.0,1001.0,81.0,68.0,13.0,13.0,rebound,0.8925593522779027,0.1074406477220972,Boston Celtics,1,0,0.0
0022400001,445,2024-25,2024-11-12,Boston Celtics,Atlanta Hawks,3,PT04M29.00S,269.0,989.0,81.0,70.0,11.0,11.0,made_shot,0.8555286704721046,0.1444713295278954,Boston Celtics,1,0,0.0
0022400001,446,2024-25,2024-11-12,Boston Celtics,Atlanta Hawks,3,PT04M13.00S,253.0,973.0,81.0,70.0,11.0,11.0,missed_shot,0.8549164394317426,0.1450835605682574,Boston Celtics,1,0,0.0
0022400001,447,2024-25,2024-11-12,Boston Celtics,Atlanta Hawks,3,PT04M12.00S,252.0,972.0,81.0,70.0,11.0,11.0,rebound,0.8584766944650547,0.1415233055349453,Boston Celtics,1,0,0.0
0022400001,449,2024-25,2024-11-12,Boston Celtics,Atlanta Hawks,3,PT04M06.00S,246.0,966.0,81.0,70.0,11.0,11.0,substitution,0.8585095270777303,0.1414904729222696,Boston Celtics,1,0,0.0
0022400001,451,2024-25,2024-11-12,Boston Celtics,Atlanta Hawks,3,PT03M56.00S,236.0,956.0,81.0,72.0,9.0,9.0,made_shot,0.81519947147426,0.18480052852574,Boston Celtics,1,0,0.0
0022400001,453,2024-25,2024-11-12,Boston Celtics,Atlanta Hawks,3,PT03M40.00S,220.0,940.0,81.0,72.0,9.0,9.0,unknown,0.8173053892269622,0.1826946107730378,Boston Celtics,1,0,0.0
0022400001,455,2024-25,2024-11-12,Boston Celtics,Atlanta Hawks,3,PT03M38.00S,218.0,938.0,81.0,72.0,9.0,9.0,rebound,0.8158687779101167,0.1841312220898833,Boston Celtics,1,0,0.0
0022400001,457,2024-25,2024-11-12,Boston Celtics,Atlanta Hawks,3,PT03M30.00S,210.0,930.0,81.0,75.0,6.0,6.0,made_shot,0.7332573786315554,0.2667426213684446,Boston Celtics,1,0,0.0
0022400001,459,2024-25,2024-11-12,Boston Celtics,Atlanta Hawks,3,PT03M10.00S,190.0,910.0,81.0,75.0,6.0,6.0,jump_ball,0.7413404004355922,0.2586595995644077,Boston Celtics,1,0,0.0
0022400001,462,2024-25,2024-11-12,Boston Celtics,Atlanta Hawks,3,PT03M00.00S,180.0,900.0,83.0,75.0,8.0,8.0,made_shot,0.789804243210425,0.210195756789575,Boston Celtics,1,0,0.0
0022400001,463,2024-25,2024-11-12,Boston Celtics,Atlanta Hawks,3,PT02M45.00S,165.0,885.0,83.0,75.0,8.0,8.0,missed_shot,0.7930317158151375,0.2069682841848624,Boston Celtics,1,0,0.0
0022400001,464,2024-25,2024-11-12,Boston Celtics,Atlanta Hawks,3,PT02M44.00S,164.0,884.0,83.0,75.0,8.0,8.0,rebound,0.7905112658874521,0.2094887341125478,Boston Celtics,1,0,0.0
0022400001,465,2024-25,2024-11-12,Boston Celtics,Atlanta Hawks,3,PT02M44.00S,164.0,884.0,83.0,75.0,8.0,8.0,missed_shot,0.8009709988272815,0.1990290011727185,Boston Celtics,1,0,0.0
0022400001,466,2024-25,2024-11-12,Boston Celtics,Atlanta Hawks,3,PT02M42.00S,162.0,882.0,83.0,75.0,8.0,8.0,rebound,0.7905357107186839,0.2094642892813161,Boston Celtics,1,0,0.0
0022400001,467,2024-25,2024-11-12,Boston Celtics,Atlanta Hawks,3,PT02M33.00S,153.0,873.0,83.0,77.0,6.0,6.0,made_shot,0.7320290523490948,0.2679709476509052,Boston Celtics,1,0,0.0
0022400001,469,2024-25,2024-11-12,Boston Celtics,Atlanta Hawks,3,PT02M32.00S,152.0,872.0,83.0,77.0,6.0,6.0,timeout,0.7311965072882485,0.2688034927117515,Boston Celtics,1,0,0.0
0022400001,470,2024-25,2024-11-12,Boston Celtics,Atlanta Hawks,3,PT02M32.00S,152.0,872.0,83.0,77.0,6.0,6.0,substitution,0.7334354783720769,0.2665645216279231,Boston Celtics,1,0,0.0
0022400001,472,2024-25,2024-11-12,Boston Celtics,Atlanta Hawks,3,PT02M12.00S,132.0,852.0,86.0,77.0,9.0,9.0,made_shot,0.810988925429988,0.1890110745700119,Boston Celtics,1,0,0.0
0022400001,473,2024-25,2024-11-12,Boston Celtics,Atlanta Hawks,3,PT01M58.00S,118.0,838.0,86.0,80.0,6.0,6.0,made_shot,0.7315107755082254,0.2684892244917746,Boston Celtics,1,0,0.0
0022400001,475,2024-25,2024-11-12,Boston Celtics,Atlanta Hawks,3,PT01M32.00S,92.0,812.0,86.0,80.0,6.0,6.0,foul,0.7334610465931963,0.2665389534068036,Boston Celtics,1,0,0.0
0022400001,477,2024-25,2024-11-12,Boston Celtics,Atlanta Hawks,3,PT01M32.00S,92.0,812.0,87.0,80.0,7.0,7.0,free_throw,0.7946052745585231,0.2053947254414768,Boston Celtics,1,0,0.0
0022400001,479,2024-25,2024-11-12,Boston Celtics,Atlanta Hawks,3,PT01M32.00S,92.0,812.0,87.0,80.0,7.0,7.0,free_throw,0.7977969591128035,0.2022030408871965,Boston Celtics,1,0,0.0
0022400001,480,2024-25,2024-11-12,Boston Celtics,Atlanta Hawks,3,PT01M32.00S,92.0,812.0,87.0,80.0,7.0,7.0,rebound,0.7643329730239241,0.2356670269760759,Boston Celtics,1,0,0.0
0022400001,481,2024-25,2024-11-12,Boston Celtics,Atlanta Hawks,3,PT01M32.00S,92.0,812.0,87.0,80.0,7.0,7.0,substitution,0.7617486235104529,0.238251376489547,Boston Celtics,1,0,0.0
0022400001,483,2024-25,2024-11-12,Boston Celtics,Atlanta Hawks,3,PT01M32.00S,92.0,812.0,88.0,80.0,8.0,8.0,free_throw,0.8216952197584347,0.1783047802415652,Boston Celtics,1,0,0.0
0022400001,484,2024-25,2024-11-12,Boston Celtics,Atlanta Hawks,3,PT01M22.00S,82.0,802.0,88.0,82.0,6.0,6.0,made_shot,0.7359988377633369,0.2640011622366631,Boston Celtics,1,0,0.0
0022400001,485,2024-25,2024-11-12,Boston Celtics,Atlanta Hawks,3,PT01M12.00S,72.0,792.0,88.0,82.0,6.0,6.0,unknown,0.7334579841158348,0.2665420158841651,Boston Celtics,1,0,0.0
0022400001,487,2024-25,2024-11-12,Boston Celtics,Atlanta Hawks,3,PT01M05.00S,65.0,785.0,88.0,84.0,4.0,4.0,made_shot,0.6703884211777192,0.3296115788222807,Boston Celtics,1,0,0.0
0022400001,488,2024-25,2024-11-12,Boston Celtics,Atlanta Hawks,3,PT00M50.70S,50.7,770.7,88.0,84.0,4.0,4.0,missed_shot,0.6589331852733844,0.3410668147266156,Boston Celtics,1,0,0.0
0022400001,489,2024-25,2024-11-12,Boston Celtics,Atlanta Hawks,3,PT00M48.50S,48.5,768.5,88.0,84.0,4.0,4.0,rebound,0.6654402951023619,0.3345597048976381,Boston Celtics,1,0,0.0
0022400001,490,2024-25,2024-11-12,Boston Celtics,Atlanta Hawks,3,PT00M44.20S,44.2,764.2,91.0,84.0,7.0,7.0,made_shot,0.7559547141758579,0.2440452858241421,Boston Celtics,1,0,0.0
0022400001,492,2024-25,2024-11-12,Boston Celtics,Atlanta Hawks,3,PT00M31.50S,31.5,751.5,91.0,84.0,7.0,7.0,unknown,0.7620780850983887,0.2379219149016113,Boston Celtics,1,0,0.0
0022400001,494,2024-25,2024-11-12,Boston Celtics,Atlanta Hawks,3,PT00M16.70S,16.7,736.7,91.0,84.0,7.0,7.0,foul,0.744618579028401,0.255381420971599,Boston Celtics,1,0,0.0
0022400001,496,2024-25,2024-11-12,Boston Celtics,Atlanta Hawks,3,PT00M16.70S,16.7,736.7,91.0,84.0,7.0,7.0,turnover,0.73876829303135,0.2612317069686499,Boston Celtics,1,0,0.0
0022400001,497,2024-25,2024-11-12,Boston Celtics,Atlanta Hawks,3,PT00M16.70S,16.7,736.7,91.0,84.0,7.0,7.0,substitution,0.7604752231996416,0.2395247768003584,Boston Celtics,1,0,0.0
0022400001,499,2024-25,2024-11-12,Boston Celtics,Atlanta Hawks,3,PT00M03.50S,3.5,723.5,91.0,84.0,7.0,7.0,foul,0.7621805750792505,0.2378194249207494,Boston Celtics,1,0,0.0
0022400001,501,2024-25,2024-11-12,Boston Celtics,Atlanta Hawks,3,PT00M00.40S,0.4,720.4,91.0,84.0,7.0,7.0,missed_shot,0.7625416741684223,0.2374583258315776,Boston Celtics,1,0,0.0
0022400001,502,2024-25,2024-11-12,Boston Celtics,Atlanta Hawks,3,PT00M00.40S,0.4,720.4,91.0,84.0,7.0,7.0,rebound,0.7607257146008186,0.2392742853991813,Boston Celtics,1,0,0.0
0022400001,503,2024-25,2024-11-12,Boston Celtics,Atlanta Hawks,3,PT00M00.00S,0.0,720.0,91.0,84.0,7.0,7.0,end_period,0.7625712498843109,0.2374287501156891,Boston Celtics,1,0,0.0
0022400001,508,2024-25,2024-11-12,Boston Celtics,Atlanta Hawks,4,PT12M00.00S,720.0,720.0,91.0,84.0,7.0,7.0,start_period,0.7651341730237717,0.2348658269762282,Boston Celtics,1,0,0.0
0022400001,509,2024-25,2024-11-12,Boston Celtics,Atlanta Hawks,4,PT11M39.00S,699.0,699.0,91.0,84.0,7.0,7.0,missed_shot,0.765081572074904,0.2349184279250959,Boston Celtics,1,0,0.0
0022400001,510,2024-25,2024-11-12,Boston Celtics,Atlanta Hawks,4,PT11M38.00S,698.0,698.0,91.0,84.0,7.0,7.0,rebound,0.7619552630488832,0.2380447369511168,Boston Celtics,1,0,0.0
0022400001,511,2024-25,2024-11-12,Boston Celtics,Atlanta Hawks,4,PT11M26.00S,686.0,686.0,91.0,84.0,7.0,7.0,unknown,0.7638771085337629,0.2361228914662371,Boston Celtics,1,0,0.0
0022400001,513,2024-25,2024-11-12,Boston Celtics,Atlanta Hawks,4,PT11M23.00S,683.0,683.0,91.0,86.0,5.0,5.0,made_shot,0.7146154948075913,0.2853845051924086,Boston Celtics,1,0,0.0
0022400001,514,2024-25,2024-11-12,Boston Celtics,Atlanta Hawks,4,PT10M56.00S,656.0,656.0,91.0,86.0,5.0,5.0,missed_shot,0.6986169767512465,0.3013830232487535,Boston Celtics,1,0,0.0
0022400001,515,2024-25,2024-11-12,Boston Celtics,Atlanta Hawks,4,PT10M55.00S,655.0,655.0,91.0,86.0,5.0,5.0,rebound,0.7005678205621566,0.2994321794378434,Boston Celtics,1,0,0.0
0022400001,516,2024-25,2024-11-12,Boston Celtics,Atlanta Hawks,4,PT10M49.00S,649.0,649.0,91.0,86.0,5.0,5.0,unknown,0.7026994490012415,0.2973005509987585,Boston Celtics,1,0,0.0
0022400001,518,2024-25,2024-11-12,Boston Celtics,Atlanta Hawks,4,PT10M31.00S,631.0,631.0,94.0,86.0,8.0,8.0,made_shot,0.7848996754862858,0.2151003245137142,Boston Celtics,1,0,0.0
0022400001,520,2024-25,2024-11-12,Boston Celtics,Atlanta Hawks,4,PT10M20.00S,620.0,620.0,94.0,86.0,8.0,8.0,missed_shot,0.7914068733056152,0.2085931266943848,Boston Celtics,1,0,0.0
0022400001,521,2024-25,2024-11-12,Boston Celtics,Atlanta Hawks,4,PT10M19.00S,619.0,619.0,94.0,86.0,8.0,8.0,rebound,0.7888719040655279,0.2111280959344721,Boston Celtics,1,0,0.0
0022400001,522,2024-25,2024-11-12,Boston Celtics,Atlanta Hawks,4,PT10M19.00S,619.0,619.0,94.0,86.0,8.0,8.0,foul,0.7885735117548377,0.2114264882451623,Boston Celtics,1,0,0.0
0022400001,524,2024-25,2024-11-12,Boston Celtics,Atlanta Hawks,4,PT10M19.00S,619.0,619.0,94.0,86.0,8.0,8.0,substitution,0.7888431579462977,0.2111568420537023,Boston Celtics,1,0,0.0
0022400001,526,2024-25,2024-11-12,Boston Celtics,Atlanta Hawks,4,PT10M09.00S,609.0,609.0,94.0,86.0,8.0,8.0,missed_shot,0.7874576373613807,0.2125423626386192,Boston Celtics,1,0,0.0
0022400001,527,2024-25,2024-11-12,Boston Celtics,Atlanta Hawks,4,PT10M08.00S,608.0,608.0,94.0,86.0,8.0,8.0,rebound,0.7890070958413626,0.2109929041586373,Boston Celtics,1,0,0.0
0022400001,529,2024-25,2024-11-12,Boston Celtics,Atlanta Hawks,4,PT09M50.00S,590.0,590.0,94.0,86.0,8.0,8.0,substitution,0.7891994713571224,0.2108005286428775,Boston Celtics,1,0,0.0
0022400001,531,2024-25,2024-11-12,Boston Celtics,Atlanta Hawks,4,PT09M44.00S,584.0,584.0,94.0,86.0,8.0,8.0,missed_shot,0.7932914934133992,0.2067085065866007,Boston Celtics,1,0,0.0
0022400001,532,2024-25,2024-11-12,Boston Celtics,Atlanta Hawks,4,PT09M42.00S,582.0,582.0,94.0,86.0,8.0,8.0,rebound,0.7893263878964437,0.2106736121035562,Boston Celtics,1,0,0.0
0022400001,533,2024-25,2024-11-12,Boston Celtics,Atlanta Hawks,4,PT09M21.00S,561.0,561.0,94.0,88.0,6.0,6.0,made_shot,0.7315890142437516,0.2684109857562484,Boston Celtics,1,0,0.0
0022400001,535,2024-25,2024-11-12,Boston Celtics,Atlanta Hawks,4,PT09M04.00S,544.0,544.0,94.0,88.0,6.0,6.0,unknown,0.7343516214296002,0.2656483785703998,Boston Celtics,1,0,0.0
0022400001,537,2024-25,2024-11-12,Boston Celtics,Atlanta Hawks,4,PT08M59.00S,539.0,539.0,94.0,91.0,3.0,3.0,made_shot,0.6374218057197827,0.3625781942802173,Boston Celtics,1,0,0.0
0022400001,539,2024-25,2024-11-12,Boston Celtics,Atlanta Hawks,4,PT08M40.00S,520.0,520.0,97.0,91.0,6.0,6.0,made_shot,0.7264376925540088,0.2735623074459912,Boston Celtics,1,0,0.0
0022400001,541,2024-25,2024-11-12,Boston Celtics,Atlanta Hawks,4,PT08M24.00S,504.0,504.0,97.0,93.0,4.0,4.0,made_shot,0.6729516911397064,0.3270483088602935,Boston Celtics,1,0,0.0
0022400001,543,2024-25,2024-11-12,Boston Celtics,Atlanta Hawks,4,PT08M02.00S,482.0,482.0,97.0,93.0,4.0,4.0,missed_shot,0.6629395185637491,0.3370604814362509,Boston Celtics,1,0,0.0
0022400001,544,2024-25,2024-11-12,Boston Celtics,Atlanta Hawks,4,PT08M01.00S,481.0,481.0,97.0,93.0,4.0,4.0,rebound,0.6650105653606786,0.3349894346393214,Boston Celtics,1,0,0.0
0022400001,545,2024-25,2024-11-12,Boston Celtics,Atlanta Hawks,4,PT07M50.00S,470.0,470.0,97.0,95.0,2.0,2.0,made_shot,0.5971082191443888,0.4028917808556111,Boston Celtics,1,0,0.0
0022400001,547,2024-25,2024-11-12,Boston Celtics,Atlanta Hawks,4,PT07M49.00S,469.0,469.0,97.0,95.0,2.0,2.0,timeout,0.5886520062000234,0.4113479937999765,Boston Celtics,1,0,0.0
0022400001,548,2024-25,2024-11-12,Boston Celtics,Atlanta Hawks,4,PT07M49.00S,469.0,469.0,97.0,95.0,2.0,2.0,substitution,0.5914148304381873,0.4085851695618127,Boston Celtics,1,0,0.0
0022400001,549,2024-25,2024-11-12,Boston Celtics,Atlanta Hawks,4,PT07M49.00S,469.0,469.0,97.0,95.0,2.0,2.0,substitution,0.5914148304381873,0.4085851695618127,Boston Celtics,1,0,0.0
0022400001,552,2024-25,2024-11-12,Boston Celtics,Atlanta Hawks,4,PT07M34.00S,454.0,454.0,97.0,95.0,2.0,2.0,missed_shot,0.5959181149055152,0.4040818850944848,Boston Celtics,1,0,0.0
0022400001,553,2024-25,2024-11-12,Boston Celtics,Atlanta Hawks,4,PT07M33.00S,453.0,453.0,97.0,95.0,2.0,2.0,rebound,0.5917418598027703,0.4082581401972297,Boston Celtics,1,0,0.0
0022400001,554,2024-25,2024-11-12,Boston Celtics,Atlanta Hawks,4,PT07M27.00S,447.0,447.0,97.0,95.0,2.0,2.0,missed_shot,0.5979991951507644,0.4020008048492356,Boston Celtics,1,0,0.0
0022400001,555,2024-25,2024-11-12,Boston Celtics,Atlanta Hawks,4,PT07M26.00S,446.0,446.0,97.0,95.0,2.0,2.0,rebound,0.591866670418904,0.408133329581096,Boston Celtics,1,0,0.0
0022400001,556,2024-25,2024-11-12,Boston Celtics,Atlanta Hawks,4,PT07M21.00S,441.0,441.0,97.0,97.0,0.0,0.0,made_shot,0.513090410759422,0.486909589240578,Boston Celtics,1,0,0.0
0022400001,558,2024-25,2024-11-12,Boston Celtics,Atlanta Hawks,4,PT07M06.00S,426.0,426.0,97.0,97.0,0.0,0.0,foul,0.5153738116598419,0.4846261883401581,Boston Celtics,1,0,0.0
0022400001,560,2024-25,2024-11-12,Boston Celtics,Atlanta Hawks,4,PT07M06.00S,426.0,426.0,98.0,97.0,1.0,1.0,free_throw,0.5523871401787666,0.4476128598212334,Boston Celtics,1,0,0.0
0022400001,561,2024-25,2024-11-12,Boston Celtics,Atlanta Hawks,4,PT07M06.00S,426.0,426.0,98.0,97.0,1.0,1.0,substitution,0.5526913445207816,0.4473086554792184,Boston Celtics,1,0,0.0
0022400001,562,2024-25,2024-11-12,Boston Celtics,Atlanta Hawks,4,PT07M06.00S,426.0,426.0,98.0,97.0,1.0,1.0,substitution,0.5526913445207816,0.4473086554792184,Boston Celtics,1,0,0.0
0022400001,565,2024-25,2024-11-12,Boston Celtics,Atlanta Hawks,4,PT07M06.00S,426.0,426.0,99.0,97.0,2.0,2.0,free_throw,0.5905478502971536,0.4094521497028464,Boston Celtics,1,0,0.0
0022400001,566,2024-25,2024-11-12,Boston Celtics,Atlanta Hawks,4,PT06M55.00S,415.0,415.0,99.0,97.0,2.0,2.0,missed_shot,0.5886739107143145,0.4113260892856855,Boston Celtics,1,0,0.0
0022400001,567,2024-25,2024-11-12,Boston Celtics,Atlanta Hawks,4,PT06M53.00S,413.0,413.0,99.0,97.0,2.0,2.0,rebound,0.5909375380043397,0.4090624619956603,Boston Celtics,1,0,0.0
0022400001,568,2024-25,2024-11-12,Boston Celtics,Atlanta Hawks,4,PT06M45.00S,405.0,405.0,99.0,97.0,2.0,2.0,unknown,0.593432265191078,0.406567734808922,Boston Celtics,1,0,0.0
0022400001,570,2024-25,2024-11-12,Boston Celtics,Atlanta Hawks,4,PT06M44.00S,404.0,404.0,99.0,97.0,2.0,2.0,rebound,0.5910981043052205,0.4089018956947795,Boston Celtics,1,0,0.0
0022400001,572,2024-25,2024-11-12,Boston Celtics,Atlanta Hawks,4,PT06M36.00S,396.0,396.0,99.0,97.0,2.0,2.0,missed_shot,0.5970662941668167,0.4029337058331833,Boston Celtics,1,0,0.0
0022400001,573,2024-25,2024-11-12,Boston Celtics,Atlanta Hawks,4,PT06M34.00S,394.0,394.0,99.0,97.0,2.0,2.0,rebound,0.5912764885142288,0.4087235114857712,Boston Celtics,1,0,0.0
0022400001,574,2024-25,2024-11-12,Boston Celtics,Atlanta Hawks,4,PT06M29.00S,389.0,389.0,99.0,99.0,0.0,0.0,made_shot,0.5272268209709843,0.4727731790290157,Boston Celtics,1,0,0.0
0022400001,576,2024-25,2024-11-12,Boston Celtics,Atlanta Hawks,4,PT06M08.00S,368.0,368.0,101.0,99.0,2.0,2.0,made_shot,0.5846960046808733,0.4153039953191266,Boston Celtics,1,0,0.0
0022400001,577,2024-25,2024-11-12,Boston Celtics,Atlanta Hawks,4,PT05M56.00S,356.0,356.0,101.0,99.0,2.0,2.0,missed_shot,0.5882074759420759,0.4117925240579241,Boston Celtics,1,0,0.0
0022400001,578,2024-25,2024-11-12,Boston Celtics,Atlanta Hawks,4,PT05M55.00S,355.0,355.0,101.0,99.0,2.0,2.0,rebound,0.5904540362621012,0.4095459637378987,Boston Celtics,1,0,0.0
0022400001,581,2024-25,2024-11-12,Boston Celtics,Atlanta Hawks,4,PT05M43.00S,343.0,343.0,101.0,99.0,2.0,2.0,unknown,0.5930209369426266,0.4069790630573734,Boston Celtics,1,0,0.0
0022400001,583,2024-25,2024-11-12,Boston Celtics,Atlanta Hawks,4,PT05M25.00S,325.0,325.0,101.0,101.0,0.0,0.0,made_shot,0.5187340903646146,0.4812659096353854,Boston Celtics,1,0,0.0
0022400001,584,2024-25,2024-11-12,Boston Celtics,Atlanta Hawks,4,PT05M03.00S,303.0,303.0,104.0,101.0,3.0,3.0,made_shot,0.6260893814761996,0.3739106185238003,Boston Celtics,1,0,0.0
0022400001,586,2024-25,2024-11-12,Boston Celtics,Atlanta Hawks,4,PT04M51.00S,291.0,291.0,104.0,104.0,0.0,0.0,made_shot,0.5103641234893012,0.4896358765106988,Boston Celtics,1,0,0.0
0022400001,588,2024-25,2024-11-12,Boston Celtics,Atlanta Hawks,4,PT04M38.00S,278.0,278.0,104.0,104.0,0.0,0.0,foul,0.4900412586719093,0.5099587413280906,Atlanta Hawks,0,0,1.0
0022400001,590,2024-25,2024-11-12,Boston Celtics,Atlanta Hawks,4,PT04M38.00S,278.0,278.0,104.0,104.0,0.0,0.0,turnover,0.4824128585159146,0.5175871414840854,Atlanta Hawks,0,0,1.0
0022400001,591,2024-25,2024-11-12,Boston Celtics,Atlanta Hawks,4,PT04M38.00S,278.0,278.0,104.0,104.0,0.0,0.0,timeout,0.508476900240344,0.491523099759656,Boston Celtics,1,0,0.0
0022400001,592,2024-25,2024-11-12,Boston Celtics,Atlanta Hawks,4,PT04M38.00S,278.0,278.0,104.0,104.0,0.0,0.0,substitution,0.5113311888172047,0.4886688111827952,Boston Celtics,1,0,0.0
0022400001,593,2024-25,2024-11-12,Boston Celtics,Atlanta Hawks,4,PT04M38.00S,278.0,278.0,104.0,104.0,0.0,0.0,substitution,0.5113311888172047,0.4886688111827952,Boston Celtics,1,0,0.0
0022400001,594,2024-25,2024-11-12,Boston Celtics,Atlanta Hawks,4,PT04M38.00S,278.0,278.0,104.0,104.0,0.0,0.0,substitution,0.5113311888172047,0.4886688111827952,Boston Celtics,1,0,0.0
0022400001,598,2024-25,2024-11-12,Boston Celtics,Atlanta Hawks,4,PT04M29.00S,269.0,269.0,104.0,104.0,0.0,0.0,unknown,0.5139736069891347,0.4860263930108652,Boston Celtics,1,0,0.0
0022400001,600,2024-25,2024-11-12,Boston Celtics,Atlanta Hawks,4,PT04M27.00S,267.0,267.0,104.0,104.0,0.0,0.0,rebound,0.5115771797345521,0.4884228202654479,Boston Celtics,1,0,0.0
0022400001,601,2024-25,2024-11-12,Boston Celtics,Atlanta Hawks,4,PT04M16.00S,256.0,256.0,107.0,104.0,3.0,3.0,made_shot,0.6200606393415631,0.3799393606584369,Boston Celtics,1,0,0.0
0022400001,603,2024-25,2024-11-12,Boston Celtics,Atlanta Hawks,4,PT04M01.00S,241.0,241.0,107.0,104.0,3.0,3.0,missed_shot,0.6188776524815011,0.3811223475184989,Boston Celtics,1,0,0.0
0022400001,604,2024-25,2024-11-12,Boston Celtics,Atlanta Hawks,4,PT03M59.00S,239.0,239.0,107.0,104.0,3.0,3.0,rebound,0.625711429896193,0.374288570103807,Boston Celtics,1,0,0.0
0022400001,605,2024-25,2024-11-12,Boston Celtics,Atlanta Hawks,4,PT03M50.00S,230.0,230.0,107.0,106.0,1.0,1.0,made_shot,0.5586009591256276,0.4413990408743724,Boston Celtics,1,0,0.0
0022400001,607,2024-25,2024-11-12,Boston Celtics,Atlanta Hawks,4,PT03M28.00S,208.0,208.0,107.0,106.0,1.0,1.0,unknown,0.5521323780645884,0.4478676219354116,Boston Celtics,1,0,0.0
0022400001,609,2024-25,2024-11-12,Boston Celtics,Atlanta Hawks,4,PT03M10.00S,190.0,190.0,107.0,106.0,1.0,1.0,missed_shot,0.5477714216620949,0.4522285783379051,Boston Celtics,1,0,0.0
0022400001,610,2024-25,2024-11-12,Boston Celtics,Atlanta Hawks,4,PT03M09.00S,189.0,189.0,107.0,106.0,1.0,1.0,rebound,0.5500698415391351,0.4499301584608649,Boston Celtics,1,0,0.0
0022400001,611,2024-25,2024-11-12,Boston Celtics,Atlanta Hawks,4,PT03M05.00S,185.0,185.0,107.0,106.0,1.0,1.0,foul,0.5513678392730628,0.4486321607269372,Boston Celtics,1,0,0.0
0022400001,613,2024-25,2024-11-12,Boston Celtics,Atlanta Hawks,4,PT03M05.00S,185.0,185.0,107.0,106.0,1.0,1.0,timeout,0.547271860341156,0.4527281396588439,Boston Celtics,1,0,0.0
0022400001,614,2024-25,2024-11-12,Boston Celtics,Atlanta Hawks,4,PT03M05.00S,185.0,185.0,107.0,106.0,1.0,1.0,instant_replay,0.5226178934144186,0.4773821065855814,Boston Celtics,1,0,0.0
0022400001,615,2024-25,2024-11-12,Boston Celtics,Atlanta Hawks,4,PT03M05.00S,185.0,185.0,107.0,106.0,1.0,1.0,free_throw,0.5520891121128441,0.4479108878871559,Boston Celtics,1,0,0.0
0022400001,616,2024-25,2024-11-12,Boston Celtics,Atlanta Hawks,4,PT03M05.00S,185.0,185.0,107.0,106.0,1.0,1.0,rebound,0.5536350593145225,0.4463649406854775,Boston Celtics,1,0,0.0
0022400001,617,2024-25,2024-11-12,Boston Celtics,Atlanta Hawks,4,PT03M05.00S,185.0,185.0,108.0,106.0,2.0,2.0,free_throw,0.5880125293908226,0.4119874706091774,Boston Celtics,1,0,0.0
0022400001,618,2024-25,2024-11-12,Boston Celtics,Atlanta Hawks,4,PT02M54.00S,174.0,174.0,108.0,106.0,2.0,2.0,foul,0.5895656958993312,0.4104343041006688,Boston Celtics,1,0,0.0
0022400001,620,2024-25,2024-11-12,Boston Celtics,Atlanta Hawks,4,PT02M54.00S,174.0,174.0,108.0,107.0,1.0,1.0,free_throw,0.5492192575034561,0.4507807424965439,Boston Celtics,1,0,0.0
0022400001,621,2024-25,2024-11-12,Boston Celtics,Atlanta Hawks,4,PT02M54.00S,174.0,174.0,108.0,108.0,0.0,0.0,free_throw,0.5099905346837319,0.4900094653162681,Boston Celtics,1,0,0.0
0022400001,622,2024-25,2024-11-12,Boston Celtics,Atlanta Hawks,4,PT02M34.00S,154.0,154.0,108.0,108.0,0.0,0.0,foul,0.511759505294813,0.488240494705187,Boston Celtics,1,0,0.0
0022400001,624,2024-25,2024-11-12,Boston Celtics,Atlanta Hawks,4,PT02M34.00S,154.0,154.0,108.0,108.0,0.0,0.0,free_throw,0.5124881530319187,0.4875118469680812,Boston Celtics,1,0,0.0
0022400001,625,2024-25,2024-11-12,Boston Celtics,Atlanta Hawks,4,PT02M34.00S,154.0,154.0,108.0,108.0,0.0,0.0,rebound,0.5140504744692243,0.4859495255307757,Boston Celtics,1,0,0.0
0022400001,626,2024-25,2024-11-12,Boston Celtics,Atlanta Hawks,4,PT02M34.00S,154.0,154.0,108.0,108.0,0.0,0.0,free_throw,0.5126756992976839,0.4873243007023161,Boston Celtics,1,0,0.0
0022400001,627,2024-25,2024-11-12,Boston Celtics,Atlanta Hawks,4,PT02M34.00S,154.0,154.0,108.0,108.0,0.0,0.0,rebound,0.5105224357677925,0.4894775642322074,Boston Celtics,1,0,0.0
0022400001,628,2024-25,2024-11-12,Boston Celtics,Atlanta Hawks,4,PT02M17.00S,137.0,137.0,108.0,108.0,0.0,0.0,missed_shot,0.5151832654047793,0.4848167345952207,Boston Celtics,1,0,0.0
0022400001,629,2024-25,2024-11-12,Boston Celtics,Atlanta Hawks,4,PT02M15.00S,135.0,135.0,108.0,108.0,0.0,0.0,rebound,0.5108728660920341,0.4891271339079659,Boston Celtics,1,0,0.0
0022400001,630,2024-25,2024-11-12,Boston Celtics,Atlanta Hawks,4,PT01M57.00S,117.0,117.0,111.0,108.0,3.0,3.0,made_shot,0.6241550896343243,0.3758449103656757,Boston Celtics,1,0,0.0
0022400001,632,2024-25,2024-11-12,Boston Celtics,Atlanta Hawks,4,PT01M39.00S,99.0,99.0,111.0,110.0,1.0,1.0,made_shot,0.5608266088063828,0.4391733911936172,Boston Celtics,1,0,0.0
0022400001,633,2024-25,2024-11-12,Boston Celtics,Atlanta Hawks,4,PT01M24.00S,84.0,84.0,114.0,110.0,4.0,4.0,made_shot,0.6544862425005042,0.3455137574994957,Boston Celtics,1,0,0.0
0022400001,634,2024-25,2024-11-12,Boston Celtics,Atlanta Hawks,4,PT01M14.00S,74.0,74.0,114.0,110.0,4.0,4.0,missed_shot,0.6636849234348753,0.3363150765651247,Boston Celtics,1,0,0.0
0022400001,635,2024-25,2024-11-12,Boston Celtics,Atlanta Hawks,4,PT01M14.00S,74.0,74.0,114.0,110.0,4.0,4.0,rebound,0.6597898903789754,0.3402101096210246,Boston Celtics,1,0,0.0
0022400001,636,2024-25,2024-11-12,Boston Celtics,Atlanta Hawks,4,PT01M09.00S,69.0,69.0,114.0,113.0,1.0,1.0,made_shot,0.5460551573875649,0.453944842612435,Boston Celtics,1,0,0.0
0022400001,638,2024-25,2024-11-12,Boston Celtics,Atlanta Hawks,4,PT00M54.20S,54.2,54.2,116.0,113.0,3.0,3.0,made_shot,0.653170354633083,0.3468296453669169,Boston Celtics,1,0,0.0
0022400001,640,2024-25,2024-11-12,Boston Celtics,Atlanta Hawks,4,PT00M42.80S,42.8,42.8,116.0,115.0,1.0,1.0,made_shot,0.5515677723521636,0.4484322276478364,Boston Celtics,1,0,0.0
0022400001,641,2024-25,2024-11-12,Boston Celtics,Atlanta Hawks,4,PT00M23.50S,23.5,23.5,116.0,115.0,1.0,1.0,missed_shot,0.5438114280248326,0.4561885719751674,Boston Celtics,1,0,0.0
0022400001,642,2024-25,2024-11-12,Boston Celtics,Atlanta Hawks,4,PT00M21.90S,21.9,21.9,116.0,115.0,1.0,1.0,rebound,0.5461242745407514,0.4538757254592486,Boston Celtics,1,0,0.0
0022400001,643,2024-25,2024-11-12,Boston Celtics,Atlanta Hawks,4,PT00M12.70S,12.7,12.7,116.0,115.0,1.0,1.0,timeout,0.5434173567811121,0.4565826432188878,Boston Celtics,1,0,0.0
0022400001,644,2024-25,2024-11-12,Boston Celtics,Atlanta Hawks,4,PT00M07.30S,7.3,7.3,116.0,115.0,1.0,1.0,missed_shot,0.5507005917012193,0.4492994082987807,Boston Celtics,1,0,0.0
0022400001,645,2024-25,2024-11-12,Boston Celtics,Atlanta Hawks,4,PT00M06.10S,6.1,6.1,116.0,115.0,1.0,1.0,rebound,0.5464133219302009,0.4535866780697991,Boston Celtics,1,0,0.0
0022400001,646,2024-25,2024-11-12,Boston Celtics,Atlanta Hawks,4,PT00M06.10S,6.1,6.1,116.0,117.0,-1.0,1.0,made_shot,0.4894345563791987,0.5105654436208014,Atlanta Hawks,0,0,1.0
0022400001,647,2024-25,2024-11-12,Boston Celtics,Atlanta Hawks,4,PT00M06.10S,6.1,6.1,116.0,117.0,-1.0,1.0,timeout,0.4689519598789248,0.5310480401210751,Atlanta Hawks,0,0,1.0
0022400001,648,2024-25,2024-11-12,Boston Celtics,Atlanta Hawks,4,PT00M05.00S,5.0,5.0,116.0,117.0,-1.0,1.0,foul,0.4739141051439719,0.5260858948560281,Atlanta Hawks,0,0,1.0
0022400001,650,2024-25,2024-11-12,Boston Celtics,Atlanta Hawks,4,PT00M05.00S,5.0,5.0,116.0,117.0,-1.0,1.0,timeout,0.4689721790283425,0.5310278209716575,Atlanta Hawks,0,0,1.0
0022400001,651,2024-25,2024-11-12,Boston Celtics,Atlanta Hawks,4,PT00M04.30S,4.3,4.3,116.0,117.0,-1.0,1.0,turnover,0.4674084633802004,0.5325915366197995,Atlanta Hawks,0,0,1.0
0022400001,652,2024-25,2024-11-12,Boston Celtics,Atlanta Hawks,4,PT00M04.30S,4.3,4.3,116.0,117.0,-1.0,1.0,timeout,0.4689850458128338,0.5310149541871662,Atlanta Hawks,0,0,1.0
0022400001,653,2024-25,2024-11-12,Boston Celtics,Atlanta Hawks,4,PT00M03.70S,3.7,3.7,116.0,117.0,-1.0,1.0,turnover,0.4674194876452521,0.5325805123547479,Atlanta Hawks,0,0,1.0
0022400001,655,2024-25,2024-11-12,Boston Celtics,Atlanta Hawks,4,PT00M00.00S,0.0,0.0,116.0,117.0,-1.0,1.0,missed_shot,0.4647497981567581,0.5352502018432419,Atlanta Hawks,0,0,1.0
0022400001,656,2024-25,2024-11-12,Boston Celtics,Atlanta Hawks,4,PT00M00.00S,0.0,0.0,116.0,117.0,-1.0,1.0,rebound,0.4719525562999793,0.5280474437000207,Atlanta Hawks,0,0,1.0
0022400001,657,2024-25,2024-11-12,Boston Celtics,Atlanta Hawks,4,PT00M00.00S,0.0,0.0,116.0,117.0,-1.0,1.0,end_period,0.4744794066903382,0.5255205933096618,Atlanta Hawks,0,0,1.0
