game_id,season,game_date,home_team,away_team,home_team_id,away_team_id,game_type,home_win_probability,away_win_probability,predicted_winner,predicted_label,actual_home_team_won,prediction_correct
0022400061,2024-25,2024-10-22,Boston Celtics,New York Knicks,1610612738,1610612752,regular_season,0.5686645908168719,0.431335409183128,Boston Celtics,1,1,1.0
0022400062,2024-25,2024-10-22,Los Angeles Lakers,Minnesota Timberwolves,1610612747,1610612750,regular_season,0.5686645908168719,0.431335409183128,Los Angeles Lakers,1,1,1.0
0022400063,2024-25,2024-10-23,Detroit Pistons,Indiana Pacers,1610612765,1610612754,regular_season,0.5686645908168719,0.431335409183128,Detroit Pistons,1,0,0.0
0022400064,2024-25,2024-10-23,Atlanta Hawks,Brooklyn Nets,1610612737,1610612751,regular_season,0.5686645908168719,0.431335409183128,Atlanta Hawks,1,1,1.0
0022400065,2024-25,2024-10-23,Miami Heat,Orlando Magic,1610612748,1610612753,regular_season,0.5686645908168719,0.431335409183128,Miami Heat,1,0,0.0
0022400066,2024-25,2024-10-23,Philadelphia 76ers,Milwaukee Bucks,1610612755,1610612749,regular_season,0.5686645908168719,0.431335409183128,Philadelphia 76ers,1,0,0.0
0022400067,2024-25,2024-10-23,Toronto Raptors,Cleveland Cavaliers,1610612761,1610612739,regular_season,0.5686645908168719,0.431335409183128,Toronto Raptors,1,0,0.0
0022400068,2024-25,2024-10-23,Houston Rockets,Charlotte Hornets,1610612745,1610612766,regular_season,0.5686645908168719,0.431335409183128,Houston Rockets,1,0,0.0
0022400069,2024-25,2024-10-23,New Orleans Pelicans,Chicago Bulls,1610612740,1610612741,regular_season,0.5686645908168719,0.431335409183128,New Orleans Pelicans,1,1,1.0
0022400070,2024-25,2024-10-23,Utah Jazz,Memphis Grizzlies,1610612762,1610612763,regular_season,0.5686645908168719,0.431335409183128,Utah Jazz,1,0,0.0
0022400071,2024-25,2024-10-23,LA Clippers,Phoenix Suns,1610612746,1610612756,regular_season,0.5686645908168719,0.431335409183128,LA Clippers,1,0,0.0
0022400072,2024-25,2024-10-23,Portland Trail Blazers,Golden State Warriors,1610612757,1610612744,regular_season,0.5686645908168719,0.431335409183128,Portland Trail Blazers,1,0,0.0
0022400073,2024-25,2024-10-24,Washington Wizards,Boston Celtics,1610612764,1610612738,regular_season,0.3250041199554774,0.6749958800445226,Boston Celtics,0,0,1.0
0022400074,2024-25,2024-10-24,Dallas Mavericks,San Antonio Spurs,1610612742,1610612759,regular_season,0.5686645908168719,0.431335409183128,Dallas Mavericks,1,1,1.0
0022400075,2024-25,2024-10-24,Denver Nuggets,Oklahoma City Thunder,1610612743,1610612760,regular_season,0.5686645908168719,0.431335409183128,Denver Nuggets,1,0,0.0
0022400076,2024-25,2024-10-24,Sacramento Kings,Minnesota Timberwolves,1610612758,1610612750,regular_season,0.4396404781910747,0.5603595218089252,Minnesota Timberwolves,0,0,1.0
0022400077,2024-25,2024-10-25,Orlando Magic,Brooklyn Nets,1610612753,1610612751,regular_season,0.5147608786065443,0.4852391213934557,Orlando Magic,1,1,1.0
0022400078,2024-25,2024-10-25,Toronto Raptors,Philadelphia 76ers,1610612761,1610612755,regular_season,0.3434859799196123,0.6565140200803876,Philadelphia 76ers,0,1,0.0
0022400079,2024-25,2024-10-25,Atlanta Hawks,Charlotte Hornets,1610612737,1610612766,regular_season,0.7537545278301001,0.2462454721698999,Atlanta Hawks,1,1,1.0
0022400080,2024-25,2024-10-25,Cleveland Cavaliers,Detroit Pistons,1610612739,1610612765,regular_season,0.7929648928956224,0.2070351071043775,Cleveland Cavaliers,1,1,1.0
0022400081,2024-25,2024-10-25,New York Knicks,Indiana Pacers,1610612752,1610612754,regular_season,0.5380480464012951,0.4619519535987049,New York Knicks,1,1,1.0
0022400082,2024-25,2024-10-25,Houston Rockets,Memphis Grizzlies,1610612745,1610612763,regular_season,0.7924704907545276,0.2075295092454724,Houston Rockets,1,1,1.0
0022400083,2024-25,2024-10-25,Milwaukee Bucks,Chicago Bulls,1610612749,1610612741,regular_season,0.7322593890160604,0.2677406109839396,Milwaukee Bucks,1,0,0.0
0022400084,2024-25,2024-10-25,Utah Jazz,Golden State Warriors,1610612762,1610612744,regular_season,0.0795574612734564,0.9204425387265436,Golden State Warriors,0,0,1.0
0022400085,2024-25,2024-10-25,Los Angeles Lakers,Phoenix Suns,1610612747,1610612756,regular_season,0.8039647055293402,0.1960352944706598,Los Angeles Lakers,1,1,1.0
0022400086,2024-25,2024-10-25,Portland Trail Blazers,New Orleans Pelicans,1610612757,1610612740,regular_season,0.1687226647106545,0.8312773352893454,New Orleans Pelicans,0,0,1.0
0022400087,2024-25,2024-10-26,Denver Nuggets,LA Clippers,1610612743,1610612746,regular_season,0.1393097013219084,0.8606902986780915,LA Clippers,0,0,1.0
0022400088,2024-25,2024-10-26,Charlotte Hornets,Miami Heat,1610612766,1610612748,regular_season,0.7576229955782232,0.2423770044217768,Charlotte Hornets,1,0,0.0
0022400089,2024-25,2024-10-26,Detroit Pistons,Boston Celtics,1610612765,1610612738,regular_season,0.1902699833607787,0.8097300166392212,Boston Celtics,0,0,1.0
0022400090,2024-25,2024-10-26,Washington Wizards,Cleveland Cavaliers,1610612764,1610612739,regular_season,0.1493415434174327,0.8506584565825673,Cleveland Cavaliers,0,0,1.0
0022400091,2024-25,2024-10-26,Chicago Bulls,Oklahoma City Thunder,1610612741,1610612760,regular_season,0.5153437195376767,0.4846562804623233,Chicago Bulls,1,0,0.0
0022400092,2024-25,2024-10-26,Memphis Grizzlies,Orlando Magic,1610612763,1610612753,regular_season,0.3155324948081299,0.68446750519187,Orlando Magic,0,1,0.0
0022400093,2024-25,2024-10-26,Minnesota Timberwolves,Toronto Raptors,1610612750,1610612761,regular_season,0.8391503147363606,0.1608496852636394,Minnesota Timberwolves,1,1,1.0
0022400094,2024-25,2024-10-26,San Antonio Spurs,Houston Rockets,1610612759,1610612745,regular_season,0.3121351596551782,0.6878648403448218,Houston Rockets,0,1,0.0
0022400095,2024-25,2024-10-26,Phoenix Suns,Dallas Mavericks,1610612756,1610612742,regular_season,0.5439078475986323,0.4560921524013677,Phoenix Suns,1,1,1.0
0022400096,2024-25,2024-10-26,Los Angeles Lakers,Sacramento Kings,1610612747,1610612758,regular_season,0.2883524413845596,0.7116475586154404,Sacramento Kings,0,1,0.0
0022400097,2024-25,2024-10-27,Indiana Pacers,Philadelphia 76ers,1610612754,1610612755,regular_season,0.4293589092440232,0.5706410907559768,Philadelphia 76ers,0,0,1.0
0022400098,2024-25,2024-10-27,Brooklyn Nets,Milwaukee Bucks,1610612751,1610612749,regular_season,0.4309371086177653,0.5690628913822346,Milwaukee Bucks,0,1,0.0
0022400099,2024-25,2024-10-27,Portland Trail Blazers,New Orleans Pelicans,1610612757,1610612740,regular_season,0.4977287894494202,0.5022712105505798,New Orleans Pelicans,0,1,0.0
0022400100,2024-25,2024-10-27,Oklahoma City Thunder,Atlanta Hawks,1610612760,1610612737,regular_season,0.8088115520105197,0.1911884479894803,Oklahoma City Thunder,1,1,1.0
0022400101,2024-25,2024-10-27,Golden State Warriors,LA Clippers,1610612744,1610612746,regular_season,0.92535007370697,0.0746499262930301,Golden State Warriors,1,0,0.0
0022400102,2024-25,2024-10-28,Orlando Magic,Indiana Pacers,1610612753,1610612754,regular_season,0.7842931517741599,0.21570684822584,Orlando Magic,1,1,1.0
0022400103,2024-25,2024-10-28,Atlanta Hawks,Washington Wizards,1610612737,1610612764,regular_season,0.7106393744908771,0.2893606255091229,Atlanta Hawks,1,0,0.0
0022400104,2024-25,2024-10-28,Boston Celtics,Milwaukee Bucks,1610612738,1610612749,regular_season,0.7597164118692188,0.2402835881307812,Boston Celtics,1,1,1.0
0022400105,2024-25,2024-10-28,Miami Heat,Detroit Pistons,1610612748,1610612765,regular_season,0.3724123773308851,0.6275876226691148,Detroit Pistons,0,1,0.0
0022400106,2024-25,2024-10-28,New York Knicks,Cleveland Cavaliers,1610612752,1610612739,regular_season,0.3228560434395126,0.6771439565604873,Cleveland Cavaliers,0,0,1.0
0022400107,2024-25,2024-10-28,Toronto Raptors,Denver Nuggets,1610612761,1610612743,regular_season,0.4324997847201099,0.56750021527989,Denver Nuggets,0,0,1.0
0022400108,2024-25,2024-10-28,Memphis Grizzlies,Chicago Bulls,1610612763,1610612741,regular_season,0.6385749927240522,0.3614250072759478,Memphis Grizzlies,1,0,0.0
0022400109,2024-25,2024-10-28,San Antonio Spurs,Houston Rockets,1610612759,1610612745,regular_season,0.2772843613407724,0.7227156386592276,Houston Rockets,0,0,1.0
0022400110,2024-25,2024-10-28,Dallas Mavericks,Utah Jazz,1610612742,1610612762,regular_season,0.7994877028864457,0.2005122971135543,Dallas Mavericks,1,1,1.0
